Workbook

Sheet 月報
A1: 2026 年第一季部門費用與預算月報
A2: 接手現況：月報只完成前兩個部門，後續公式尚未補齊；右側圖表區也尚未建立。
A4: 報表期間 | B4: 2026 Q1 | D4: 資料截至 | E4: 46112
A6: 部門 | B6: 季度預算 | C6: 已核准支出 | D6: 剩餘預算 | E6: 預算執行率 | F6: 狀態
A7: 行政 | B7: =SUMIFS(部門預算!$E$6:$E$9,部門預算!$A$6:$A$9,A7) -> 270000 | C7: =SUMIFS(費用明細!$H$6:$H$77,費用明細!$B$6:$B$77,A7) -> 235000 | D7: =B7-C7 -> 35000 | E7: =IFERROR(C7/B7,0) -> 0.87037037 | F7: =IF(E7>1,"已超支",IF(E7>=0.85,"接近上限","正常")) -> 接近上限
A8: 業務 | B8: =SUMIFS(部門預算!$E$6:$E$9,部門預算!$A$6:$A$9,A8) -> 510000 | C8: =SUMIFS(費用明細!$H$6:$H$77,費用明細!$B$6:$B$77,A8) -> 565000 | D8: =B8-C8 -> -55000 | E8: =IFERROR(C8/B8,0) -> 1.1078431 | F8: =IF(E8>1,"已超支",IF(E8>=0.85,"接近上限","正常")) -> 已超支
A9: 行銷 | B9: =SUMIFS(部門預算!$E$6:$E$9,部門預算!$A$6:$A$9,A9) -> 450000 | C9: =SUMIFS(費用明細!$H$6:$H$77,費用明細!$B$6:$B$77,A9) -> 405000 | D9: =B9-C9 -> 45000 | E9: =IFERROR(C9/B9,0) -> 0.9 | F9: =IF(E9>1,"已超支",IF(E9>=0.85,"接近上限","正常")) -> 接近上限
A10: 資訊 | B10: =SUMIFS(部門預算!$E$6:$E$9,部門預算!$A$6:$A$9,A10) -> 370000 | C10: =SUMIFS(費用明細!$H$6:$H$77,費用明細!$B$6:$B$77,A10) -> 280000 | D10: =B10-C10 -> 90000 | E10: =IFERROR(C10/B10,0) -> 0.75675676 | F10: =IF(E10>1,"已超支",IF(E10>=0.85,"接近上限","正常")) -> 正常
A11: 合計 | B11: =SUM(B7:B10) -> 1600000 | C11: =SUM(C7:C10) -> 1485000 | D11: =B11-C11 -> 115000 | E11: =IFERROR(C11/B11,0) -> 0.928125 | F11: =IF(E11>1,"已超支",IF(E11>=0.85,"接近上限","正常")) -> 接近上限
A14: 待完成項目： 1. 補齊費用明細中的公式 2. 完成月報缺漏公式 3. 建立部門預算與支出比較圖
A17: 月份 | B17: 月度預算 | C17: 月度核准支出
A18: 2026-01 | B18: =部門預算!B10 -> 510000 | C18: =SUMIFS(費用明細!$H$6:$H$77,費用明細!$I$6:$I$77,A18) -> 445000
A19: 2026-02 | B19: =部門預算!C10 -> 525000 | C19: =SUMIFS(費用明細!$H$6:$H$77,費用明細!$I$6:$I$77,A19) -> 492000
A20: 2026-03 | B20: =部門預算!D10 -> 565000 | C20: =SUMIFS(費用明細!$H$6:$H$77,費用明細!$I$6:$I$77,A20) -> 548000

Sheet 費用明細
A1: 2026 年第一季部門費用明細
A2: 接手現況：新增資料後，後半段的「核准金額」與「月份」公式沒有繼續套用。請先理解公式，再補齊缺漏。
A3: 白底欄位為原始輸入資料 | H3: 灰底欄位為公式計算欄位
A5: 日期 | B5: 部門 | C5: 費用類別 | D5: 申請人 | E5: 費用說明 | F5: 申請金額 | G5: 核銷狀態 | H5: 核准金額 | I5: 月份
A6: 46027 | B6: 行政 | C6: 辦公用品 | D6: 林怡君 | E6: 文具及耗材 | F6: 14000 | G6: 已核准 | H6: =IF(G6="已核准",F6,0) -> 14000 | I6: =TEXT(A6,"yyyy-mm") -> 2026-01
A7: 46031 | B7: 行政 | C7: 租賃費 | D7: 陳柏翰 | E7: 會議空間租用 | F7: 12600 | G7: 已核准 | H7: =IF(G7="已核准",F7,0) -> 12600 | I7: =TEXT(A7,"yyyy-mm") -> 2026-01
A8: 46035 | B8: 行政 | C8: 差旅費 | D8: 林怡君 | E8: 跨區交通 | F8: 15400 | G8: 已核准 | H8: =IF(G8="已核准",F8,0) -> 15400 | I8: =TEXT(A8,"yyyy-mm") -> 2026-01
A9: 46040 | B9: 行政 | C9: 教育訓練 | D9: 陳柏翰 | E9: 內部課程 | F9: 10500 | G9: 已核准 | H9: =IF(G9="已核准",F9,0) -> 10500 | I9: =TEXT(A9,"yyyy-mm") -> 2026-01
A10: 46046 | B10: 行政 | C10: 庶務費 | D10: 林怡君 | E10: 部門日常支出 | F10: 17500 | G10: 已核准 | H10: =IF(G10="已核准",F10,0) -> 17500 | I10: =TEXT(A10,"yyyy-mm") -> 2026-01
A11: 46049 | B11: 行政 | C11: 辦公用品 | D11: 陳柏翰 | E11: 文具及耗材 | F11: 8400 | G11: 待補件 | H11: =IF(G11="已核准",F11,0) -> 0 | I11: =TEXT(A11,"yyyy-mm") -> 2026-01
A12: 46027 | B12: 業務 | C12: 差旅費 | D12: 王俊傑 | E12: 客戶拜訪差旅 | F12: 34000 | G12: 已核准 | H12: =IF(G12="已核准",F12,0) -> 34000 | I12: =TEXT(A12,"yyyy-mm") -> 2026-01
A13: 46031 | B13: 業務 | C13: 客戶交際 | D13: 李佩珊 | E13: 客戶會議 | F13: 30600 | G13: 已核准 | H13: =IF(G13="已核准",F13,0) -> 30600 | I13: =TEXT(A13,"yyyy-mm") -> 2026-01
A14: 46035 | B14: 業務 | C14: 交通費 | D14: 王俊傑 | E14: 市區交通 | F14: 37400 | G14: 已核准 | H14: =IF(G14="已核准",F14,0) -> 37400 | I14: =TEXT(A14,"yyyy-mm") -> 2026-01
A15: 46040 | B15: 業務 | C15: 展示樣品 | D15: 李佩珊 | E15: 產品展示樣品 | F15: 25500 | G15: 已核准 | H15: =IF(G15="已核准",F15,0) -> 25500 | I15: =TEXT(A15,"yyyy-mm") -> 2026-01
A16: 46046 | B16: 業務 | C16: 業務雜支 | D16: 王俊傑 | E16: 臨時業務支出 | F16: 42500 | G16: 已核准 | H16: =IF(G16="已核准",F16,0) -> 42500 | I16: =TEXT(A16,"yyyy-mm") -> 2026-01
A17: 46049 | B17: 業務 | C17: 差旅費 | D17: 李佩珊 | E17: 客戶拜訪差旅 | F17: 20400 | G17: 待補件 | H17: =IF(G17="已核准",F17,0) -> 0 | I17: =TEXT(A17,"yyyy-mm") -> 2026-01
... A77: 46108 | B77: 資訊 | C77: 軟體訂閱 | D77: 許家豪 | E77: 年度軟體授權 | F77: 12000 | G77: 審核中 | H77: =IF(G77="已核准",F77,0) -> 0 | I77: =TEXT(A77,"yyyy-mm") -> 2026-03

Sheet 部門預算
A1: 2026 年第一季部門預算
A2: 本頁為預算輸入表；B 至 D 欄為輸入值，E 欄為公式加總。金額單位：新臺幣元。
A5: 部門 | B5: 1 月預算 | C5: 2 月預算 | D5: 3 月預算 | E5: 季度預算
A6: 行政 | B6: 90000 | C6: 85000 | D6: 95000 | E6: =SUM(B6:D6) -> 270000
A7: 業務 | B7: 160000 | C7: 170000 | D7: 180000 | E7: =SUM(B7:D7) -> 510000
A8: 行銷 | B8: 140000 | C8: 150000 | D8: 160000 | E8: =SUM(B8:D8) -> 450000
A9: 資訊 | B9: 120000 | C9: 120000 | D9: 130000 | E9: =SUM(B9:D9) -> 370000
A10: 合計 | B10: =SUM(B6:B9) -> 510000 | C10: =SUM(C6:C9) -> 525000 | D10: =SUM(D6:D9) -> 565000 | E10: =SUM(E6:E9) -> 1600000
