Workbook

Sheet 專案進度
A1: 年度專案進度追蹤表 | B1: 年度專案進度追蹤表 | C1: 年度專案進度追蹤表 | D1: 年度專案進度追蹤表 | E1: 年度專案進度追蹤表 | F1: 年度專案進度追蹤表 | G1: 年度專案進度追蹤表 | H1: 年度專案進度追蹤表 | I1: 年度專案進度追蹤表 | J1: 年度專案進度追蹤表 | K1: 年度專案進度追蹤表 | L1: 年度專案進度追蹤表
A2: 專案：企業官網改版｜公式欄位以灰色標示，請勿手動輸入；新增與異動請保留資料來源。 | B2: 專案：企業官網改版｜公式欄位以灰色標示，請勿手動輸入；新增與異動請保留資料來源。 | C2: 專案：企業官網改版｜公式欄位以灰色標示，請勿手動輸入；新增與異動請保留資料來源。 | D2: 專案：企業官網改版｜公式欄位以灰色標示，請勿手動輸入；新增與異動請保留資料來源。 | E2: 專案：企業官網改版｜公式欄位以灰色標示，請勿手動輸入；新增與異動請保留資料來源。 | F2: 專案：企業官網改版｜公式欄位以灰色標示，請勿手動輸入；新增與異動請保留資料來源。 | G2: 專案：企業官網改版｜公式欄位以灰色標示，請勿手動輸入；新增與異動請保留資料來源。 | H2: 專案：企業官網改版｜公式欄位以灰色標示，請勿手動輸入；新增與異動請保留資料來源。 | I2: 專案：企業官網改版｜公式欄位以灰色標示，請勿手動輸入；新增與異動請保留資料來源。 | J2: 專案：企業官網改版｜公式欄位以灰色標示，請勿手動輸入；新增與異動請保留資料來源。 | K2: 專案：企業官網改版｜公式欄位以灰色標示，請勿手動輸入；新增與異動請保留資料來源。 | L2: 專案：企業官網改版｜公式欄位以灰色標示，請勿手動輸入；新增與異動請保留資料來源。
A3: 資料基準日 | B3: 資料基準日 | C3: 46247 | E3: 整體完成率 | F3: 逾期件數 | G3: 7 日內到期 | H3: 已完成件數
E4: =IFERROR(AVERAGE($F$8:$F$100),0) -> 0.6375 | F4: =COUNTIF($L$8:$L$100,"已逾期") -> 1 | G4: =COUNTIFS($C$8:$C$100,"<>",$K$8:$K$100,">=0",$K$8:$K$100,"<=7",$G$8:$G$100,"<>已完成") -> 6 | H4: =COUNTIF($G$8:$G$100,"已完成") -> 1
A7: 任務編號 | B7: 所屬部門 | C7: 工作項目 | D7: 負責人 | E7: 預計完成日 | F7: 目前進度 | G7: 執行狀態 | H7: 最新說明 | I7: 資料來源 | J7: 更新日期 | K7: 剩餘天數 | L7: 時程判斷
A8: P-001 | B8: 設計部 | C8: 首頁視覺設計 | D8: 小安 | E8: 46249 | F8: 0.85 | G8: 進行中 | H8: 主版、圖示與主要文案配置已完成，完成第二輪內部確認；尚缺 3 張產品照片 | I8: 設計部進度回報.docx | J8: 46247 | K8: =IF(C8="","",IF(G8="已完成",0,E8-$C$3)) -> 2 | L8: =IF(C8="","",IF(G8="已完成","已完成",IF(E8<$C$3,"已逾期",IF(E8-$C$3<=3,"即將到期","正常")))) -> 即將到期
A9: P-002 | B9: 設計部 | C9: 產品頁版型設計 | D9: 芷晴 | E9: 46253 | F9: 0.7 | G9: 進行中 | H9: 桌面版配置已完成，正在調整規格區塊與產品比較區；因欄位名稱較晚確認，完成日順延至 8/19 | I9: 設計部進度回報.docx | J9: 46247 | K9: =IF(C9="","",IF(G9="已完成",0,E9-$C$3)) -> 6 | L9: =IF(C9="","",IF(G9="已完成","已完成",IF(E9<$C$3,"已逾期",IF(E9-$C$3<=3,"即將到期","正常")))) -> 正常
A10: P-003 | B10: 設計部 | C10: 行動版介面檢查 | D10: 小安 | E10: 46256 | F10: 0.35 | G10: 進行中 | H10: 已完成首頁與導覽列檢查，接續處理產品頁；小尺寸螢幕仍有斷行問題 | I10: 設計部進度回報.docx | J10: 46247 | K10: =IF(C10="","",IF(G10="已完成",0,E10-$C$3)) -> 9 | L10: =IF(C10="","",IF(G10="已完成","已完成",IF(E10<$C$3,"已逾期",IF(E10-$C$3<=3,"即將到期","正常")))) -> 正常
A11: P-004 | B11: 行銷部 | C11: SEO 關鍵字清單 | D11: 雅婷 | E11: 46248 | F11: 1 | G11: 已完成 | H11: 三組產品關鍵字已補齊並完成最後確認，可結案 | I11: 行銷部需求調整.txt | J11: 46247 | K11: =IF(C11="","",IF(G11="已完成",0,E11-$C$3)) -> 0 | L11: =IF(C11="","",IF(G11="已完成","已完成",IF(E11<$C$3,"已逾期",IF(E11-$C$3<=3,"即將到期","正常")))) -> 已完成
A12: P-005 | B12: 行銷部 | C12: 新聞稿初稿 | D12: 俊豪 | E12: 46252 | F12: 0.6 | G12: 進行中 | H12: 第一輪修訂已完成，目前約 60%；發布時間因上線提前調至 8/18 | I12: 行銷部需求調整.txt | J12: 46247 | K12: =IF(C12="","",IF(G12="已完成",0,E12-$C$3)) -> 5 | L12: =IF(C12="","",IF(G12="已完成","已完成",IF(E12<$C$3,"已逾期",IF(E12-$C$3<=3,"即將到期","正常")))) -> 正常
A13: P-006 | B13: 行銷部 | C13: 媒體邀請名單 | D13: 雅婷 | E13: 46248 | F13: 0.9 | G13: 進行中 | H13: 已整理 35 家媒體，僅餘聯絡資料核對，預計 8/14 下班前完成 | I13: 行銷部需求調整.txt | J13: 46247 | K13: =IF(C13="","",IF(G13="已完成",0,E13-$C$3)) -> 1 | L13: =IF(C13="","",IF(G13="已完成","已完成",IF(E13<$C$3,"已逾期",IF(E13-$C$3<=3,"即將到期","正常")))) -> 即將到期
A14: P-007 | B14: 產品部 | C14: 產品功能測試 | D14: 承恩 | E14: 46250 | F14: 0.65 | G14: 進行中 | H14: 產品功能測試完成約 65%，未發現新的重大問題；期限提前至 8/16 | I14: 本週會議紀錄.docx | J14: 46246 | K14: =IF(C14="","",IF(G14="已完成",0,E14-$C$3)) -> 3 | L14: =IF(C14="","",IF(G14="已完成","已完成",IF(E14<$C$3,"已逾期",IF(E14-$C$3<=3,"即將到期","正常")))) -> 即將到期
A15: P-008 | B15: 產品部 | C15: 操作手冊定稿 | D15: 佩珊 | E15: 46253 | F15: 0.7 | G15: 進行中 | H15: 內容完成 70%，尚需補上新版畫面；預計 8/19 送交內部審查 | I15: 本週會議紀錄.docx | J15: 46246 | K15: =IF(C15="","",IF(G15="已完成",0,E15-$C$3)) -> 6 | L15: =IF(C15="","",IF(G15="已完成","已完成",IF(E15<$C$3,"已逾期",IF(E15-$C$3<=3,"即將到期","正常")))) -> 正常
A16: P-009 | B16: 產品部 | C16: 產品照片提供 | D16: 承恩 | E16: 46246 | F16: 0.625 | G16: 進行中 | H16: 原有照片不適用，改為重新蒐集；8 張已收到 5 張，尚缺 3 張 | I16: 設計部進度回報.docx | J16: 46247 | K16: =IF(C16="","",IF(G16="已完成",0,E16-$C$3)) -> -1 | L16: =IF(C16="","",IF(G16="已完成","已完成",IF(E16<$C$3,"已逾期",IF(E16-$C$3<=3,"即將到期","正常")))) -> 已逾期
A17: P-010 | B17: 產品部 | C17: 上線前整合測試 | D17: 承恩 | E17: 46256 | F17: 0 | G17: 尚未開始 | H17: 上線前整合測試期限提前至 8/22 | I17: 本週會議紀錄.docx | J17: 46246 | K17: =IF(C17="","",IF(G17="已完成",0,E17-$C$3)) -> 9 | L17: =IF(C17="","",IF(G17="已完成","已完成",IF(E17<$C$3,"已逾期",IF(E17-$C$3<=3,"即將到期","正常")))) -> 正常
A18: P-011 | B18: 待確認 | C18: 網站無障礙檢查 | D18: 待確認 | E18: 46255 | G18: 待確認 | H18: 列入追蹤，檢查範圍需由產品部確認；設計部可配合介面檢查 | I18: 本週會議紀錄.docx、設計部進度回報.docx | J18: 46247 | K18: =IF(C18="","",IF(G18="已完成",0,E18-$C$3)) -> 8 | L18: =IF(C18="","",IF(G18="已完成","已完成",IF(E18<$C$3,"已逾期",IF(E18-$C$3<=3,"即將到期","正常")))) -> 正常
K19: =IF(C19="","",IF(G19="已完成",0,E19-$C$3)) | L19: =IF(C19="","",IF(G19="已完成","已完成",IF(E19<$C$3,"已逾期",IF(E19-$C$3<=3,"即將到期","正常"))))
K20: =IF(C20="","",IF(G20="已完成",0,E20-$C$3)) | L20: =IF(C20="","",IF(G20="已完成","已完成",IF(E20<$C$3,"已逾期",IF(E20-$C$3<=3,"即將到期","正常"))))
K21: =IF(C21="","",IF(G21="已完成",0,E21-$C$3)) | L21: =IF(C21="","",IF(G21="已完成","已完成",IF(E21<$C$3,"已逾期",IF(E21-$C$3<=3,"即將到期","正常"))))
K22: =IF(C22="","",IF(G22="已完成",0,E22-$C$3)) | L22: =IF(C22="","",IF(G22="已完成","已完成",IF(E22<$C$3,"已逾期",IF(E22-$C$3<=3,"即將到期","正常"))))
K23: =IF(C23="","",IF(G23="已完成",0,E23-$C$3)) | L23: =IF(C23="","",IF(G23="已完成","已完成",IF(E23<$C$3,"已逾期",IF(E23-$C$3<=3,"即將到期","正常"))))
K24: =IF(C24="","",IF(G24="已完成",0,E24-$C$3)) | L24: =IF(C24="","",IF(G24="已完成","已完成",IF(E24<$C$3,"已逾期",IF(E24-$C$3<=3,"即將到期","正常"))))
K25: =IF(C25="","",IF(G25="已完成",0,E25-$C$3)) | L25: =IF(C25="","",IF(G25="已完成","已完成",IF(E25<$C$3,"已逾期",IF(E25-$C$3<=3,"即將到期","正常"))))
K26: =IF(C26="","",IF(G26="已完成",0,E26-$C$3)) | L26: =IF(C26="","",IF(G26="已完成","已完成",IF(E26<$C$3,"已逾期",IF(E26-$C$3<=3,"即將到期","正常"))))
K27: =IF(C27="","",IF(G27="已完成",0,E27-$C$3)) | L27: =IF(C27="","",IF(G27="已完成","已完成",IF(E27<$C$3,"已逾期",IF(E27-$C$3<=3,"即將到期","正常"))))
K28: =IF(C28="","",IF(G28="已完成",0,E28-$C$3)) | L28: =IF(C28="","",IF(G28="已完成","已完成",IF(E28<$C$3,"已逾期",IF(E28-$C$3<=3,"即將到期","正常"))))
K29: =IF(C29="","",IF(G29="已完成",0,E29-$C$3)) | L29: =IF(C29="","",IF(G29="已完成","已完成",IF(E29<$C$3,"已逾期",IF(E29-$C$3<=3,"即將到期","正常"))))
K30: =IF(C30="","",IF(G30="已完成",0,E30-$C$3)) | L30: =IF(C30="","",IF(G30="已完成","已完成",IF(E30<$C$3,"已逾期",IF(E30-$C$3<=3,"即將到期","正常"))))
... K100: =IF(C100="","",IF(G100="已完成",0,E100-$C$3)) | L100: =IF(C100="","",IF(G100="已完成","已完成",IF(E100<$C$3,"已逾期",IF(E100-$C$3<=3,"即將到期","正常"))))

Sheet 進度總覽
A1: 專案進度總覽 | B1: 專案進度總覽 | C1: 專案進度總覽 | D1: 專案進度總覽 | E1: 專案進度總覽 | F1: 專案進度總覽 | G1: 專案進度總覽 | H1: 專案進度總覽
A2: 資料會隨「專案進度」工作表更新，請先核對來源與異動內容再保存。 | B2: 資料會隨「專案進度」工作表更新，請先核對來源與異動內容再保存。 | C2: 資料會隨「專案進度」工作表更新，請先核對來源與異動內容再保存。 | D2: 資料會隨「專案進度」工作表更新，請先核對來源與異動內容再保存。 | E2: 資料會隨「專案進度」工作表更新，請先核對來源與異動內容再保存。 | F2: 資料會隨「專案進度」工作表更新，請先核對來源與異動內容再保存。 | G2: 資料會隨「專案進度」工作表更新，請先核對來源與異動內容再保存。 | H2: 資料會隨「專案進度」工作表更新，請先核對來源與異動內容再保存。
A4: 整體完成率 | B4: 整體完成率 | C4: 逾期件數 | D4: 逾期件數 | E4: 7 日內到期 | F4: 7 日內到期 | G4: 已完成件數 | H4: 已完成件數
A5: =IFERROR(AVERAGE(專案進度!$F$8:$F$100),0) -> 0.6375 | C5: =COUNTIF(專案進度!$L$8:$L$100,"已逾期") -> 1 | E5: =COUNTIFS(專案進度!$C$8:$C$100,"<>",專案進度!$K$8:$K$100,">=0",專案進度!$K$8:$K$100,"<=7",專案進度!$G$8:$G$100,"<>已完成") -> 6 | G5: =COUNTIF(專案進度!$G$8:$G$100,"已完成") -> 1
A9: 部門 | B9: 平均完成率
A10: 設計部 | B10: =IFERROR(SUMIF(專案進度!$B$8:$B$100,A10,專案進度!$F$8:$F$100)/COUNTIF(專案進度!$B$8:$B$100,A10),0) -> 0.63333333
A11: 行銷部 | B11: =IFERROR(SUMIF(專案進度!$B$8:$B$100,A11,專案進度!$F$8:$F$100)/COUNTIF(專案進度!$B$8:$B$100,A11),0) -> 0.83333333
A12: 產品部 | B12: =IFERROR(SUMIF(專案進度!$B$8:$B$100,A12,專案進度!$F$8:$F$100)/COUNTIF(專案進度!$B$8:$B$100,A12),0) -> 0.49375

Sheet 欄位說明
A1: 欄位與更新規則 | B1: 欄位與更新規則 | C1: 欄位與更新規則 | D1: 欄位與更新規則
A3: 欄位 | B3: 用途 | C3: 輸入方式 | D3: 更新注意事項
A4: 任務編號 | B4: 每項工作的唯一識別碼 | C4: 文字 | D4: 新增任務時依序接續編號
A5: 所屬部門 | B5: 負責處理工作的部門 | C5: 下拉選單 | D5: 無法判斷時填「待確認」
A6: 工作項目 | B6: 可追蹤的具體工作 | C6: 文字 | D6: 先比對既有項目，避免重複新增
A7: 負責人 | B7: 主要承辦人員 | C7: 文字 | D7: 文件未明確指定時填「待確認」
A8: 預計完成日 | B8: 目前確認的完成期限 | C8: 日期 | D8: 以最新且明確的異動為準
A9: 目前進度 | B9: 工作完成程度 | C9: 百分比 | D9: 只採用文件中明確出現的數字
A10: 執行狀態 | B10: 目前處理階段 | C10: 下拉選單 | D10: 使用既有選項，不自行增加分類
A11: 最新說明 | B11: 保留進度、阻礙或異動原因 | C11: 文字 | D11: 摘要即可，不必貼上整段原文
A12: 資料來源 | B12: 本次更新所依據的檔案 | C12: 文字 | D12: 填入檔名，方便後續核對
A13: 更新日期 | B13: 此次資料所屬日期 | C13: 日期 | D13: 優先採文件標示的回報日期
... A15: 時程判斷 | B15: 顯示正常、即將到期或逾期 | C15: 公式 | D15: 灰色欄位，請勿手動輸入
