Workbook

Sheet 使用說明
A1: 客服案件與服務品質資料 | B1: 範例 7｜客服案件與服務品質資料 | C1: 範例 7｜客服案件與服務品質資料 | D1: 範例 7｜客服案件與服務品質資料 | E1: 範例 7｜客服案件與服務品質資料 | F1: 範例 7｜客服案件與服務品質資料
A2: 藍色欄位是原始輸入資料；灰色欄位是系統自動產生的衍生資料，包含查表帶入、時間計算與條件判斷，並不都是數字運算。 | B2: 藍色欄位是原始輸入資料；灰色欄位是系統自動產生的衍生資料，包含查表帶入、時間計算與條件判斷，並不都是數字運算。 | C2: 藍色欄位是原始輸入資料；灰色欄位是系統自動產生的衍生資料，包含查表帶入、時間計算與條件判斷，並不都是數字運算。 | D2: 藍色欄位是原始輸入資料；灰色欄位是系統自動產生的衍生資料，包含查表帶入、時間計算與條件判斷，並不都是數字運算。 | E2: 藍色欄位是原始輸入資料；灰色欄位是系統自動產生的衍生資料，包含查表帶入、時間計算與條件判斷，並不都是數字運算。 | F2: 藍色欄位是原始輸入資料；灰色欄位是系統自動產生的衍生資料，包含查表帶入、時間計算與條件判斷，並不都是數字運算。
A3: **Chatgpt 請忽略此頁面**
A5: 項目 | B5: 內容
A6: 資料主題 | B6: 客服案件追蹤與服務品質
A7: 資料截止時間 | B7: 46204.375
A8: 資料性質 | B8: 所有人名、客戶編號、工單與回饋內容均為模擬資料
A10: 工作表 | B10: 主要內容 | C10: 資料角色 | D10: 使用提醒
A11: 客服工單 | B11: 案件、管道、問題類型、狀態與 SLA | C11: 主要分析明細 | D11: 灰色欄位為公式計算欄位
A12: 人員與團隊 | B12: 人員、團隊、專長與建議工作量 | C12: 主檔 | D12: 可依人員編號連接客服工單
A13: SLA標準（Service Level Agreement，服務水準協議） | B13: 各優先程度的回覆與結案時限 | C13: 規則表 | D13: 客服工單中的 SLA 欄位引用此表
A14: 滿意度調查 | B14: 結案後的評分與文字回饋 | C14: 調查明細 | D14: 可依工單編號連接客服工單
A15: 資料截止時間 | B15: 公式判斷未結案案件是否逾期的基準 | C15: 設定值 | D15: 如要延伸練習，可修改 B6
A17: 欄位類型 | B17: 顯示顏色 | C17: 包含欄位 | D17: 產生方式 | E17: 用途 | F17: 是否人工輸入
A18: 原始輸入欄位 | B18: 藍色／白色 | C18: 工單編號、時間、管道、問題、優先程度、人員、狀態等 | D18: 由客服系統或人員記錄 | E18: 保留案件實際發生的內容 | F18: 是
A19: 查表帶入欄位 | B19: 灰色 | C19: 負責團隊、兩個 SLA 上限、整體滿意度 | D19: 用識別欄位連接其他工作表後帶入 | E19: 避免在每筆工單重複輸入相同資料 | F19: 否
A20: 時間計算欄位 | B20: 灰色 | C20: 首次回覆分鐘、處理時間小時、目前等待小時 | D20: 由兩個日期時間相減 | E20: 把時間差轉成可比較的分鐘或小時 | F20: 否
A21: 條件判斷／整理欄位 | B21: 灰色 | C21: SLA狀態、調查回覆、服務月份 | D21: 依其他欄位判斷或轉換格式 | E21: 方便篩選、統計與製作儀表板 | F21: 否
A23: SLA 判斷步驟 | B23: 使用欄位 | C23: 資料從哪裡來 | D23: 產生結果 | E23: 已結案案件怎麼判斷 | F23: 未結案案件怎麼判斷
A24: 1. 取得服務標準 | B24: 優先程度 | C24: 客服工單 G 欄連接「SLA標準」 | D24: 首次回覆上限、結案上限 | E24: 套用對應優先程度的標準 | F24: 套用對應優先程度的標準
A25: 2. 計算回覆速度 | B25: 建立日期時間、首次回覆時間 | C25: 客服工單 B、K 欄 | D25: 首次回覆分鐘 | E25: K－B，結果必須小於等於回覆上限 | F25: K－B，結果必須小於等於回覆上限
A26: 3. 計算處理時間 | B26: 建立日期時間、結案時間 | C26: 客服工單 B、L 欄 | D26: 處理時間小時 | E26: L－B，結果必須小於等於結案上限 | F26: 尚未結案，因此改看目前等待小時
A27: 4. 計算目前等待 | B27: 資料截止時間、建立日期時間 | C27: 使用說明 B6、客服工單 B 欄 | D27: 目前等待小時 | E27: 已結案，顯示 0 | F27: 資料截止時間－B，必須小於等於結案上限
A28: 5. 產生 SLA 狀態 | B28: 實際時間、SLA上限、案件狀態 | C28: 客服工單 J、M～Q、V 欄 | D28: 達標／進行中／逾期 | E28: 回覆與結案兩項都未超時才是達標 | F28: 回覆或等待時間任一超時就是逾期，否則是進行中
A29: 重點 | B29: SLA同時檢查兩件事 | C29: 是否及時回覆＋是否及時完成 | D29: 服務時效結論 | E29: 不能只看結案時間 | F29: 不能因尚未結案就忽略首次回覆是否超時
... A53: 目前等待小時 | B53: 時間計算 | C53: 資料截止時間－建立日期時間 | D53: 只用於尚未結案案件；已結案顯示 0 | E53: 與結案上限比較是否已逾期 | F53: 待辦與逾期追蹤

Sheet 客服工單
A1: 客服工單明細 | B1: 客服工單明細 | C1: 客服工單明細 | D1: 客服工單明細 | E1: 客服工單明細 | F1: 客服工單明細 | G1: 客服工單明細 | H1: 客服工單明細 | I1: 客服工單明細 | J1: 客服工單明細 | K1: 客服工單明細 | L1: 客服工單明細 | M1: 客服工單明細 | N1: 客服工單明細 | O1: 客服工單明細 | P1: 客服工單明細 | Q1: 客服工單明細 | R1: 客服工單明細 | S1: 客服工單明細 | T1: 客服工單明細 | U1: 客服工單明細 | V1: 客服工單明細
A2: 藍色／白色為原始輸入欄位；灰色為系統自動產生欄位，包含查表帶入、時間計算與條件判斷。資料期間：2026-04-01～2026-06-30。 | B2: 藍色／白色為原始輸入欄位；灰色為系統自動產生欄位，包含查表帶入、時間計算與條件判斷。資料期間：2026-04-01～2026-06-30。 | C2: 藍色／白色為原始輸入欄位；灰色為系統自動產生欄位，包含查表帶入、時間計算與條件判斷。資料期間：2026-04-01～2026-06-30。 | D2: 藍色／白色為原始輸入欄位；灰色為系統自動產生欄位，包含查表帶入、時間計算與條件判斷。資料期間：2026-04-01～2026-06-30。 | E2: 藍色／白色為原始輸入欄位；灰色為系統自動產生欄位，包含查表帶入、時間計算與條件判斷。資料期間：2026-04-01～2026-06-30。 | F2: 藍色／白色為原始輸入欄位；灰色為系統自動產生欄位，包含查表帶入、時間計算與條件判斷。資料期間：2026-04-01～2026-06-30。 | G2: 藍色／白色為原始輸入欄位；灰色為系統自動產生欄位，包含查表帶入、時間計算與條件判斷。資料期間：2026-04-01～2026-06-30。 | H2: 藍色／白色為原始輸入欄位；灰色為系統自動產生欄位，包含查表帶入、時間計算與條件判斷。資料期間：2026-04-01～2026-06-30。 | I2: 藍色／白色為原始輸入欄位；灰色為系統自動產生欄位，包含查表帶入、時間計算與條件判斷。資料期間：2026-04-01～2026-06-30。 | J2: 藍色／白色為原始輸入欄位；灰色為系統自動產生欄位，包含查表帶入、時間計算與條件判斷。資料期間：2026-04-01～2026-06-30。 | K2: 藍色／白色為原始輸入欄位；灰色為系統自動產生欄位，包含查表帶入、時間計算與條件判斷。資料期間：2026-04-01～2026-06-30。 | L2: 藍色／白色為原始輸入欄位；灰色為系統自動產生欄位，包含查表帶入、時間計算與條件判斷。資料期間：2026-04-01～2026-06-30。 | M2: 藍色／白色為原始輸入欄位；灰色為系統自動產生欄位，包含查表帶入、時間計算與條件判斷。資料期間：2026-04-01～2026-06-30。 | N2: 藍色／白色為原始輸入欄位；灰色為系統自動產生欄位，包含查表帶入、時間計算與條件判斷。資料期間：2026-04-01～2026-06-30。 | O2: 藍色／白色為原始輸入欄位；灰色為系統自動產生欄位，包含查表帶入、時間計算與條件判斷。資料期間：2026-04-01～2026-06-30。 | P2: 藍色／白色為原始輸入欄位；灰色為系統自動產生欄位，包含查表帶入、時間計算與條件判斷。資料期間：2026-04-01～2026-06-30。 | Q2: 藍色／白色為原始輸入欄位；灰色為系統自動產生欄位，包含查表帶入、時間計算與條件判斷。資料期間：2026-04-01～2026-06-30。 | R2: 藍色／白色為原始輸入欄位；灰色為系統自動產生欄位，包含查表帶入、時間計算與條件判斷。資料期間：2026-04-01～2026-06-30。 | S2: 藍色／白色為原始輸入欄位；灰色為系統自動產生欄位，包含查表帶入、時間計算與條件判斷。資料期間：2026-04-01～2026-06-30。 | T2: 藍色／白色為原始輸入欄位；灰色為系統自動產生欄位，包含查表帶入、時間計算與條件判斷。資料期間：2026-04-01～2026-06-30。 | U2: 藍色／白色為原始輸入欄位；灰色為系統自動產生欄位，包含查表帶入、時間計算與條件判斷。資料期間：2026-04-01～2026-06-30。 | V2: 藍色／白色為原始輸入欄位；灰色為系統自動產生欄位，包含查表帶入、時間計算與條件判斷。資料期間：2026-04-01～2026-06-30。
A3: 工單編號 | B3: 建立日期時間 | C3: 客戶編號 | D3: 服務管道 | E3: 問題類型 | F3: 問題細項 | G3: 優先程度 | H3: 負責人員編號 | I3: 負責團隊 | J3: 案件狀態 | K3: 首次回覆時間 | L3: 結案時間 | M3: 首次回覆分鐘 | N3: 處理時間小時 | O3: 首次回覆上限（分鐘） | P3: 結案上限（小時） | Q3: SLA狀態 | R3: 是否重複來件 | S3: 調查回覆 | T3: 整體滿意度 | U3: 服務月份 | V3: 目前等待小時
A4: TK-2026-0001 | B4: 46113.411 | C4: C0319 | D4: 線上客服 | E4: 登入問題 | F4: 忘記密碼 | G4: 低 | H4: E008 | I4: =VLOOKUP(H4,人員與團隊!$A$4:$D$27,3,FALSE) -> 北區服務 | J4: 已結案 | K4: 46113.575 | L4: 46113.726 | M4: =IF(K4="","",(K4-B4)*1440) -> 236 | N4: =IF(L4="","",(L4-B4)*24) -> 7.5512503 | O4: =VLOOKUP(G4,SLA標準!$A$4:$C$7,2,FALSE) -> 480 | P4: =VLOOKUP(G4,SLA標準!$A$4:$C$7,3,FALSE) -> 48 | Q4: =IF(J4="已結案",IF(AND(M4<=O4,N4<=P4),"達標","逾期"),IF(OR(M4>O4,V4>P4),"逾期","進行中")) -> 達標 | R4: 否 | S4: =IF(T4="","否","是") -> 否 | T4: =IFERROR(VLOOKUP(A4,滿意度調查!$B$4:$D$570,3,FALSE),"") | U4: =TEXT(B4,"yyyy-mm") -> 2026-04 | V4: =IF(J4="已結案",0,(使用說明!$B$7-B4)*24) -> 0
A5: TK-2026-0002 | B5: 46113.432 | C5: C0285 | D5: Email | E5: 系統異常 | F5: 功能操作失敗 | G5: 高 | H5: E006 | I5: =VLOOKUP(H5,人員與團隊!$A$4:$D$27,3,FALSE) -> 北區服務 | J5: 已結案 | K5: 46113.474 | L5: 46113.929 | M5: =IF(K5="","",(K5-B5)*1440) -> 60 | N5: =IF(L5="","",(L5-B5)*24) -> 11.940197 | O5: =VLOOKUP(G5,SLA標準!$A$4:$C$7,2,FALSE) -> 60 | P5: =VLOOKUP(G5,SLA標準!$A$4:$C$7,3,FALSE) -> 8 | Q5: =IF(J5="已結案",IF(AND(M5<=O5,N5<=P5),"達標","逾期"),IF(OR(M5>O5,V5>P5),"逾期","進行中")) -> 逾期 | R5: 否 | S5: =IF(T5="","否","是") -> 否 | T5: =IFERROR(VLOOKUP(A5,滿意度調查!$B$4:$D$570,3,FALSE),"") | U5: =TEXT(B5,"yyyy-mm") -> 2026-04 | V5: =IF(J5="已結案",0,(使用說明!$B$7-B5)*24) -> 0
A6: TK-2026-0003 | B6: 46113.466 | C6: C0178 | D6: 電話 | E6: 登入問題 | F6: 無法完成登入 | G6: 高 | H6: E002 | I6: =VLOOKUP(H6,人員與團隊!$A$4:$D$27,3,FALSE) -> 北區服務 | J6: 已結案 | K6: 46113.479 | L6: 46113.6 | M6: =IF(K6="","",(K6-B6)*1440) -> 19 | N6: =IF(L6="","",(L6-B6)*24) -> 3.2133164 | O6: =VLOOKUP(G6,SLA標準!$A$4:$C$7,2,FALSE) -> 60 | P6: =VLOOKUP(G6,SLA標準!$A$4:$C$7,3,FALSE) -> 8 | Q6: =IF(J6="已結案",IF(AND(M6<=O6,N6<=P6),"達標","逾期"),IF(OR(M6>O6,V6>P6),"逾期","進行中")) -> 達標 | R6: 否 | S6: =IF(T6="","否","是") -> 否 | T6: =IFERROR(VLOOKUP(A6,滿意度調查!$B$4:$D$570,3,FALSE),"") | U6: =TEXT(B6,"yyyy-mm") -> 2026-04 | V6: =IF(J6="已結案",0,(使用說明!$B$7-B6)*24) -> 0
A7: TK-2026-0004 | B7: 46113.624 | C7: C0293 | D7: 電話 | E7: 退換貨 | F7: 換貨進度查詢 | G7: 低 | H7: E005 | I7: =VLOOKUP(H7,人員與團隊!$A$4:$D$27,3,FALSE) -> 北區服務 | J7: 已結案 | K7: 46113.806 | L7: 46114.116 | M7: =IF(K7="","",(K7-B7)*1440) -> 261 | N7: =IF(L7="","",(L7-B7)*24) -> 11.788683 | O7: =VLOOKUP(G7,SLA標準!$A$4:$C$7,2,FALSE) -> 480 | P7: =VLOOKUP(G7,SLA標準!$A$4:$C$7,3,FALSE) -> 48 | Q7: =IF(J7="已結案",IF(AND(M7<=O7,N7<=P7),"達標","逾期"),IF(OR(M7>O7,V7>P7),"逾期","進行中")) -> 達標 | R7: 否 | S7: =IF(T7="","否","是") -> 是 | T7: =IFERROR(VLOOKUP(A7,滿意度調查!$B$4:$D$570,3,FALSE),"") -> 4 | U7: =TEXT(B7,"yyyy-mm") -> 2026-04 | V7: =IF(J7="已結案",0,(使用說明!$B$7-B7)*24) -> 0
A8: TK-2026-0005 | B8: 46113.651 | C8: C0266 | D8: 電話 | E8: 訂單問題 | F8: 優惠未套用 | G8: 高 | H8: E007 | I8: =VLOOKUP(H8,人員與團隊!$A$4:$D$27,3,FALSE) -> 北區服務 | J8: 已結案 | K8: 46113.686 | L8: 46113.954 | M8: =IF(K8="","",(K8-B8)*1440) -> 50 | N8: =IF(L8="","",(L8-B8)*24) -> 7.2577625 | O8: =VLOOKUP(G8,SLA標準!$A$4:$C$7,2,FALSE) -> 60 | P8: =VLOOKUP(G8,SLA標準!$A$4:$C$7,3,FALSE) -> 8 | Q8: =IF(J8="已結案",IF(AND(M8<=O8,N8<=P8),"達標","逾期"),IF(OR(M8>O8,V8>P8),"逾期","進行中")) -> 達標 | R8: 否 | S8: =IF(T8="","否","是") -> 是 | T8: =IFERROR(VLOOKUP(A8,滿意度調查!$B$4:$D$570,3,FALSE),"") -> 5 | U8: =TEXT(B8,"yyyy-mm") -> 2026-04 | V8: =IF(J8="已結案",0,(使用說明!$B$7-B8)*24) -> 0
A9: TK-2026-0006 | B9: 46113.676 | C9: C0251 | D9: 社群 | E9: 訂單問題 | F9: 無法修改訂單 | G9: 一般 | H9: E015 | I9: =VLOOKUP(H9,人員與團隊!$A$4:$D$27,3,FALSE) -> 南區服務 | J9: 已結案 | K9: 46113.8 | L9: 46114.025 | M9: =IF(K9="","",(K9-B9)*1440) -> 179 | N9: =IF(L9="","",(L9-B9)*24) -> 8.3880422 | O9: =VLOOKUP(G9,SLA標準!$A$4:$C$7,2,FALSE) -> 240 | P9: =VLOOKUP(G9,SLA標準!$A$4:$C$7,3,FALSE) -> 24 | Q9: =IF(J9="已結案",IF(AND(M9<=O9,N9<=P9),"達標","逾期"),IF(OR(M9>O9,V9>P9),"逾期","進行中")) -> 達標 | R9: 否 | S9: =IF(T9="","否","是") -> 否 | T9: =IFERROR(VLOOKUP(A9,滿意度調查!$B$4:$D$570,3,FALSE),"") | U9: =TEXT(B9,"yyyy-mm") -> 2026-04 | V9: =IF(J9="已結案",0,(使用說明!$B$7-B9)*24) -> 0
A10: TK-2026-0007 | B10: 46113.735 | C10: C0319 | D10: 電話 | E10: 帳務問題 | F10: 退款尚未入帳 | G10: 低 | H10: E015 | I10: =VLOOKUP(H10,人員與團隊!$A$4:$D$27,3,FALSE) -> 南區服務 | J10: 已結案 | K10: 46113.918 | L10: 46115.566 | M10: =IF(K10="","",(K10-B10)*1440) -> 264 | N10: =IF(L10="","",(L10-B10)*24) -> 43.955066 | O10: =VLOOKUP(G10,SLA標準!$A$4:$C$7,2,FALSE) -> 480 | P10: =VLOOKUP(G10,SLA標準!$A$4:$C$7,3,FALSE) -> 48 | Q10: =IF(J10="已結案",IF(AND(M10<=O10,N10<=P10),"達標","逾期"),IF(OR(M10>O10,V10>P10),"逾期","進行中")) -> 達標 | R10: 否 | S10: =IF(T10="","否","是") -> 是 | T10: =IFERROR(VLOOKUP(A10,滿意度調查!$B$4:$D$570,3,FALSE),"") -> 5 | U10: =TEXT(B10,"yyyy-mm") -> 2026-04 | V10: =IF(J10="已結案",0,(使用說明!$B$7-B10)*24) -> 0
A11: TK-2026-0008 | B11: 46113.761 | C11: C0185 | D11: 線上客服 | E11: 系統異常 | F11: 資料未同步 | G11: 高 | H11: E010 | I11: =VLOOKUP(H11,人員與團隊!$A$4:$D$27,3,FALSE) -> 南區服務 | J11: 已結案 | K11: 46113.771 | L11: 46114.4 | M11: =IF(K11="","",(K11-B11)*1440) -> 14 | N11: =IF(L11="","",(L11-B11)*24) -> 15.333301 | O11: =VLOOKUP(G11,SLA標準!$A$4:$C$7,2,FALSE) -> 60 | P11: =VLOOKUP(G11,SLA標準!$A$4:$C$7,3,FALSE) -> 8 | Q11: =IF(J11="已結案",IF(AND(M11<=O11,N11<=P11),"達標","逾期"),IF(OR(M11>O11,V11>P11),"逾期","進行中")) -> 逾期 | R11: 否 | S11: =IF(T11="","否","是") -> 是 | T11: =IFERROR(VLOOKUP(A11,滿意度調查!$B$4:$D$570,3,FALSE),"") -> 3 | U11: =TEXT(B11,"yyyy-mm") -> 2026-04 | V11: =IF(J11="已結案",0,(使用說明!$B$7-B11)*24) -> 0
A12: TK-2026-0009 | B12: 46113.871 | C12: C0035 | D12: 線上客服 | E12: 訂單問題 | F12: 訂單內容錯誤 | G12: 高 | H12: E021 | I12: =VLOOKUP(H12,人員與團隊!$A$4:$D$27,3,FALSE) -> 線上服務 | J12: 已結案 | K12: 46113.885 | L12: 46114.243 | M12: =IF(K12="","",(K12-B12)*1440) -> 21 | N12: =IF(L12="","",(L12-B12)*24) -> 8.9419889 | O12: =VLOOKUP(G12,SLA標準!$A$4:$C$7,2,FALSE) -> 60 | P12: =VLOOKUP(G12,SLA標準!$A$4:$C$7,3,FALSE) -> 8 | Q12: =IF(J12="已結案",IF(AND(M12<=O12,N12<=P12),"達標","逾期"),IF(OR(M12>O12,V12>P12),"逾期","進行中")) -> 逾期 | R12: 否 | S12: =IF(T12="","否","是") -> 否 | T12: =IFERROR(VLOOKUP(A12,滿意度調查!$B$4:$D$570,3,FALSE),"") | U12: =TEXT(B12,"yyyy-mm") -> 2026-04 | V12: =IF(J12="已結案",0,(使用說明!$B$7-B12)*24) -> 0
A13: TK-2026-0010 | B13: 46114.387 | C13: C0162 | D13: 電話 | E13: 系統異常 | F13: 頁面無法開啟 | G13: 一般 | H13: E015 | I13: =VLOOKUP(H13,人員與團隊!$A$4:$D$27,3,FALSE) -> 南區服務 | J13: 已結案 | K13: 46114.501 | L13: 46115.099 | M13: =IF(K13="","",(K13-B13)*1440) -> 163 | N13: =IF(L13="","",(L13-B13)*24) -> 17.07073 | O13: =VLOOKUP(G13,SLA標準!$A$4:$C$7,2,FALSE) -> 240 | P13: =VLOOKUP(G13,SLA標準!$A$4:$C$7,3,FALSE) -> 24 | Q13: =IF(J13="已結案",IF(AND(M13<=O13,N13<=P13),"達標","逾期"),IF(OR(M13>O13,V13>P13),"逾期","進行中")) -> 達標 | R13: 否 | S13: =IF(T13="","否","是") -> 否 | T13: =IFERROR(VLOOKUP(A13,滿意度調查!$B$4:$D$570,3,FALSE),"") | U13: =TEXT(B13,"yyyy-mm") -> 2026-04 | V13: =IF(J13="已結案",0,(使用說明!$B$7-B13)*24) -> 0
A14: TK-2026-0011 | B14: 46114.556 | C14: C0153 | D14: Email | E14: 帳務問題 | F14: 退款尚未入帳 | G14: 一般 | H14: E002 | I14: =VLOOKUP(H14,人員與團隊!$A$4:$D$27,3,FALSE) -> 北區服務 | J14: 已結案 | K14: 46114.815 | L14: 46115.191 | M14: =IF(K14="","",(K14-B14)*1440) -> 373 | N14: =IF(L14="","",(L14-B14)*24) -> 15.243862 | O14: =VLOOKUP(G14,SLA標準!$A$4:$C$7,2,FALSE) -> 240 | P14: =VLOOKUP(G14,SLA標準!$A$4:$C$7,3,FALSE) -> 24 | Q14: =IF(J14="已結案",IF(AND(M14<=O14,N14<=P14),"達標","逾期"),IF(OR(M14>O14,V14>P14),"逾期","進行中")) -> 逾期 | R14: 否 | S14: =IF(T14="","否","是") -> 是 | T14: =IFERROR(VLOOKUP(A14,滿意度調查!$B$4:$D$570,3,FALSE),"") -> 3 | U14: =TEXT(B14,"yyyy-mm") -> 2026-04 | V14: =IF(J14="已結案",0,(使用說明!$B$7-B14)*24) -> 0
A15: TK-2026-0012 | B15: 46114.739 | C15: C0074 | D15: 電話 | E15: 系統異常 | F15: 資料未同步 | G15: 一般 | H15: E011 | I15: =VLOOKUP(H15,人員與團隊!$A$4:$D$27,3,FALSE) -> 南區服務 | J15: 已結案 | K15: 46114.786 | L15: 46115.57 | M15: =IF(K15="","",(K15-B15)*1440) -> 68 | N15: =IF(L15="","",(L15-B15)*24) -> 19.956402 | O15: =VLOOKUP(G15,SLA標準!$A$4:$C$7,2,FALSE) -> 240 | P15: =VLOOKUP(G15,SLA標準!$A$4:$C$7,3,FALSE) -> 24 | Q15: =IF(J15="已結案",IF(AND(M15<=O15,N15<=P15),"達標","逾期"),IF(OR(M15>O15,V15>P15),"逾期","進行中")) -> 達標 | R15: 是 | S15: =IF(T15="","否","是") -> 是 | T15: =IFERROR(VLOOKUP(A15,滿意度調查!$B$4:$D$570,3,FALSE),"") -> 4 | U15: =TEXT(B15,"yyyy-mm") -> 2026-04 | V15: =IF(J15="已結案",0,(使用說明!$B$7-B15)*24) -> 0
... A18: TK-2026-0015 | B18: 46115.608 | C18: C0082 | D18: 電話 | E18: 退換貨 | F18: 退貨運費爭議 | G18: 一般 | H18: E008 | I18: =VLOOKUP(H18,人員與團隊!$A$4:$D$27,3,FALSE) -> 北區服務 | J18: 已結案 | K18: 46115.675 | L18: 46116.173 | M18: =IF(K18="","",(K18-B18)*1440) -> 96 | N18: =IF(L18="","",(L18-B18)*24) -> 13.547541 | O18: =VLOOKUP(G18,SLA標準!$A$4:$C$7,2,FALSE) -> 240 | P18: =VLOOKUP(G18,SLA標準!$A$4:$C$7,3,FALSE) -> 24 | Q18: =IF(J18="已結案",IF(AND(M18<=O18,N18<=P18),"達標","逾期"),IF(OR(M18>O18,V18>P18),"逾期","進行中")) -> 達標 | R18: 否 | S18: =IF(T18="","否","是") -> 是 | T18: =IFERROR(VLOOKUP(A18,滿意度調查!$B$4:$D$570,3,FALSE),"") -> 5 | U18: =TEXT(B18,"yyyy-mm") -> 2026-04 | V18: =IF(J18="已結案",0,(使用說明!$B$7-B18)*24) -> 0
A19: TK-2026-0016 | B19: 46115.66 | C19: C0185 | D19: 電話 | E19: 訂單問題 | F19: 訂單內容錯誤 | G19: 低 | H19: E014 | I19: =VLOOKUP(H19,人員與團隊!$A$4:$D$27,3,FALSE) -> 南區服務 | J19: 等待客戶 | K19: 46115.816 | M19: =IF(K19="","",(K19-B19)*1440) -> 225 | N19: =IF(L19="","",(L19-B19)*24) | O19: =VLOOKUP(G19,SLA標準!$A$4:$C$7,2,FALSE) -> 480 | P19: =VLOOKUP(G19,SLA標準!$A$4:$C$7,3,FALSE) -> 48 | Q19: =IF(J19="已結案",IF(AND(M19<=O19,N19<=P19),"達標","逾期"),IF(OR(M19>O19,V19>P19),"逾期","進行中")) -> 逾期 | R19: 否 | S19: =IF(T19="","否","是") -> 否 | T19: =IFERROR(VLOOKUP(A19,滿意度調查!$B$4:$D$570,3,FALSE),"") | U19: =TEXT(B19,"yyyy-mm") -> 2026-04 | V19: =IF(J19="已結案",0,(使用說明!$B$7-B19)*24) -> 2129.1667
A20: TK-2026-0017 | B20: 46115.767 | C20: C0114 | D20: 電話 | E20: 帳務問題 | F20: 發票資料錯誤 | G20: 一般 | H20: E013 | I20: =VLOOKUP(H20,人員與團隊!$A$4:$D$27,3,FALSE) -> 南區服務 | J20: 已結案 | K20: 46115.854 | L20: 46116.47 | M20: =IF(K20="","",(K20-B20)*1440) -> 125 | N20: =IF(L20="","",(L20-B20)*24) -> 16.869447 | O20: =VLOOKUP(G20,SLA標準!$A$4:$C$7,2,FALSE) -> 240 | P20: =VLOOKUP(G20,SLA標準!$A$4:$C$7,3,FALSE) -> 24 | Q20: =IF(J20="已結案",IF(AND(M20<=O20,N20<=P20),"達標","逾期"),IF(OR(M20>O20,V20>P20),"逾期","進行中")) -> 達標 | R20: 否 | S20: =IF(T20="","否","是") -> 是 | T20: =IFERROR(VLOOKUP(A20,滿意度調查!$B$4:$D$570,3,FALSE),"") -> 5 | U20: =TEXT(B20,"yyyy-mm") -> 2026-04 | V20: =IF(J20="已結案",0,(使用說明!$B$7-B20)*24) -> 0
A21: TK-2026-0018 | B21: 46115.838 | C21: C0253 | D21: 電話 | E21: 帳務問題 | F21: 付款失敗 | G21: 一般 | H21: E005 | I21: =VLOOKUP(H21,人員與團隊!$A$4:$D$27,3,FALSE) -> 北區服務 | J21: 已結案 | K21: 46115.947 | L21: 46117.772 | M21: =IF(K21="","",(K21-B21)*1440) -> 158 | N21: =IF(L21="","",(L21-B21)*24) -> 46.429889 | O21: =VLOOKUP(G21,SLA標準!$A$4:$C$7,2,FALSE) -> 240 | P21: =VLOOKUP(G21,SLA標準!$A$4:$C$7,3,FALSE) -> 24 | Q21: =IF(J21="已結案",IF(AND(M21<=O21,N21<=P21),"達標","逾期"),IF(OR(M21>O21,V21>P21),"逾期","進行中")) -> 逾期 | R21: 否 | S21: =IF(T21="","否","是") -> 是 | T21: =IFERROR(VLOOKUP(A21,滿意度調查!$B$4:$D$570,3,FALSE),"") -> 3 | U21: =TEXT(B21,"yyyy-mm") -> 2026-04 | V21: =IF(J21="已結案",0,(使用說明!$B$7-B21)*24) -> 0
A22: TK-2026-0019 | B22: 46115.869 | C22: C0097 | D22: 社群 | E22: 系統異常 | F22: 功能操作失敗 | G22: 高 | H22: E024 | I22: =VLOOKUP(H22,人員與團隊!$A$4:$D$27,3,FALSE) -> 線上服務 | J22: 已結案 | K22: 46115.908 | L22: 46116.352 | M22: =IF(K22="","",(K22-B22)*1440) -> 55 | N22: =IF(L22="","",(L22-B22)*24) -> 11.572657 | O22: =VLOOKUP(G22,SLA標準!$A$4:$C$7,2,FALSE) -> 60 | P22: =VLOOKUP(G22,SLA標準!$A$4:$C$7,3,FALSE) -> 8 | Q22: =IF(J22="已結案",IF(AND(M22<=O22,N22<=P22),"達標","逾期"),IF(OR(M22>O22,V22>P22),"逾期","進行中")) -> 逾期 | R22: 否 | S22: =IF(T22="","否","是") -> 是 | T22: =IFERROR(VLOOKUP(A22,滿意度調查!$B$4:$D$570,3,FALSE),"") -> 3 | U22: =TEXT(B22,"yyyy-mm") -> 2026-04 | V22: =IF(J22="已結案",0,(使用說明!$B$7-B22)*24) -> 0
A23: TK-2026-0020 | B23: 46116.373 | C23: C0228 | D23: 線上客服 | E23: 系統異常 | F23: 頁面無法開啟 | G23: 高 | H23: E016 | I23: =VLOOKUP(H23,人員與團隊!$A$4:$D$27,3,FALSE) -> 南區服務 | J23: 已結案 | K23: 46116.381 | L23: 46116.688 | M23: =IF(K23="","",(K23-B23)*1440) -> 12 | N23: =IF(L23="","",(L23-B23)*24) -> 7.5723136 | O23: =VLOOKUP(G23,SLA標準!$A$4:$C$7,2,FALSE) -> 60 | P23: =VLOOKUP(G23,SLA標準!$A$4:$C$7,3,FALSE) -> 8 | Q23: =IF(J23="已結案",IF(AND(M23<=O23,N23<=P23),"達標","逾期"),IF(OR(M23>O23,V23>P23),"逾期","進行中")) -> 達標 | R23: 否 | S23: =IF(T23="","否","是") -> 否 | T23: =IFERROR(VLOOKUP(A23,滿意度調查!$B$4:$D$570,3,FALSE),"") | U23: =TEXT(B23,"yyyy-mm") -> 2026-04 | V23: =IF(J23="已結案",0,(使用說明!$B$7-B23)*24) -> 0
A24: TK-2026-0021 | B24: 46116.394 | C24: C0191 | D24: 社群 | E24: 配送問題 | F24: 商品尚未到貨 | G24: 一般 | H24: E013 | I24: =VLOOKUP(H24,人員與團隊!$A$4:$D$27,3,FALSE) -> 南區服務 | J24: 已結案 | K24: 46116.578 | L24: 46117.199 | M24: =IF(K24="","",(K24-B24)*1440) -> 264 | N24: =IF(L24="","",(L24-B24)*24) -> 19.312285 | O24: =VLOOKUP(G24,SLA標準!$A$4:$C$7,2,FALSE) -> 240 | P24: =VLOOKUP(G24,SLA標準!$A$4:$C$7,3,FALSE) -> 24 | Q24: =IF(J24="已結案",IF(AND(M24<=O24,N24<=P24),"達標","逾期"),IF(OR(M24>O24,V24>P24),"逾期","進行中")) -> 逾期 | R24: 否 | S24: =IF(T24="","否","是") -> 是 | T24: =IFERROR(VLOOKUP(A24,滿意度調查!$B$4:$D$570,3,FALSE),"") -> 4 | U24: =TEXT(B24,"yyyy-mm") -> 2026-04 | V24: =IF(J24="已結案",0,(使用說明!$B$7-B24)*24) -> 0
A25: TK-2026-0022 | B25: 46116.53 | C25: C0179 | D25: 電話 | E25: 帳務問題 | F25: 發票資料錯誤 | G25: 一般 | H25: E013 | I25: =VLOOKUP(H25,人員與團隊!$A$4:$D$27,3,FALSE) -> 南區服務 | J25: 已結案 | K25: 46116.612 | L25: 46117.813 | M25: =IF(K25="","",(K25-B25)*1440) -> 118 | N25: =IF(L25="","",(L25-B25)*24) -> 30.795754 | O25: =VLOOKUP(G25,SLA標準!$A$4:$C$7,2,FALSE) -> 240 | P25: =VLOOKUP(G25,SLA標準!$A$4:$C$7,3,FALSE) -> 24 | Q25: =IF(J25="已結案",IF(AND(M25<=O25,N25<=P25),"達標","逾期"),IF(OR(M25>O25,V25>P25),"逾期","進行中")) -> 逾期 | R25: 是 | S25: =IF(T25="","否","是") -> 是 | T25: =IFERROR(VLOOKUP(A25,滿意度調查!$B$4:$D$570,3,FALSE),"") -> 2 | U25: =TEXT(B25,"yyyy-mm") -> 2026-04 | V25: =IF(J25="已結案",0,(使用說明!$B$7-B25)*24) -> 0
A26: TK-2026-0023 | B26: 46116.705 | C26: C0095 | D26: 社群 | E26: 退換貨 | F26: 換貨進度查詢 | G26: 一般 | H26: E014 | I26: =VLOOKUP(H26,人員與團隊!$A$4:$D$27,3,FALSE) -> 南區服務 | J26: 已結案 | K26: 46116.822 | L26: 46117.543 | M26: =IF(K26="","",(K26-B26)*1440) -> 169 | N26: =IF(L26="","",(L26-B26)*24) -> 20.119471 | O26: =VLOOKUP(G26,SLA標準!$A$4:$C$7,2,FALSE) -> 240 | P26: =VLOOKUP(G26,SLA標準!$A$4:$C$7,3,FALSE) -> 24 | Q26: =IF(J26="已結案",IF(AND(M26<=O26,N26<=P26),"達標","逾期"),IF(OR(M26>O26,V26>P26),"逾期","進行中")) -> 達標 | R26: 是 | S26: =IF(T26="","否","是") -> 是 | T26: =IFERROR(VLOOKUP(A26,滿意度調查!$B$4:$D$570,3,FALSE),"") -> 4 | U26: =TEXT(B26,"yyyy-mm") -> 2026-04 | V26: =IF(J26="已結案",0,(使用說明!$B$7-B26)*24) -> 0
A27: TK-2026-0024 | B27: 46116.803 | C27: C0212 | D27: 社群 | E27: 退換貨 | F27: 退貨運費爭議 | G27: 高 | H27: E014 | I27: =VLOOKUP(H27,人員與團隊!$A$4:$D$27,3,FALSE) -> 南區服務 | J27: 已結案 | K27: 46116.861 | L27: 46117.395 | M27: =IF(K27="","",(K27-B27)*1440) -> 83 | N27: =IF(L27="","",(L27-B27)*24) -> 14.186221 | O27: =VLOOKUP(G27,SLA標準!$A$4:$C$7,2,FALSE) -> 60 | P27: =VLOOKUP(G27,SLA標準!$A$4:$C$7,3,FALSE) -> 8 | Q27: =IF(J27="已結案",IF(AND(M27<=O27,N27<=P27),"達標","逾期"),IF(OR(M27>O27,V27>P27),"逾期","進行中")) -> 逾期 | R27: 否 | S27: =IF(T27="","否","是") -> 否 | T27: =IFERROR(VLOOKUP(A27,滿意度調查!$B$4:$D$570,3,FALSE),"") | U27: =TEXT(B27,"yyyy-mm") -> 2026-04 | V27: =IF(J27="已結案",0,(使用說明!$B$7-B27)*24) -> 0
A28: TK-2026-0025 | B28: 46116.83 | C28: C0068 | D28: 社群 | E28: 訂單問題 | F28: 訂單狀態未更新 | G28: 一般 | H28: E013 | I28: =VLOOKUP(H28,人員與團隊!$A$4:$D$27,3,FALSE) -> 南區服務 | J28: 已結案 | K28: 46116.981 | L28: 46117.106 | M28: =IF(K28="","",(K28-B28)*1440) -> 218 | N28: =IF(L28="","",(L28-B28)*24) -> 6.6365108 | O28: =VLOOKUP(G28,SLA標準!$A$4:$C$7,2,FALSE) -> 240 | P28: =VLOOKUP(G28,SLA標準!$A$4:$C$7,3,FALSE) -> 24 | Q28: =IF(J28="已結案",IF(AND(M28<=O28,N28<=P28),"達標","逾期"),IF(OR(M28>O28,V28>P28),"逾期","進行中")) -> 達標 | R28: 否 | S28: =IF(T28="","否","是") -> 是 | T28: =IFERROR(VLOOKUP(A28,滿意度調查!$B$4:$D$570,3,FALSE),"") -> 5 | U28: =TEXT(B28,"yyyy-mm") -> 2026-04 | V28: =IF(J28="已結案",0,(使用說明!$B$7-B28)*24) -> 0
A29: TK-2026-0026 | B29: 46117.401 | C29: C0287 | D29: Email | E29: 配送問題 | F29: 物流狀態未更新 | G29: 一般 | H29: E002 | I29: =VLOOKUP(H29,人員與團隊!$A$4:$D$27,3,FALSE) -> 北區服務 | J29: 已結案 | K29: 46117.528 | L29: 46118.331 | M29: =IF(K29="","",(K29-B29)*1440) -> 184 | N29: =IF(L29="","",(L29-B29)*24) -> 22.327015 | O29: =VLOOKUP(G29,SLA標準!$A$4:$C$7,2,FALSE) -> 240 | P29: =VLOOKUP(G29,SLA標準!$A$4:$C$7,3,FALSE) -> 24 | Q29: =IF(J29="已結案",IF(AND(M29<=O29,N29<=P29),"達標","逾期"),IF(OR(M29>O29,V29>P29),"逾期","進行中")) -> 達標 | R29: 否 | S29: =IF(T29="","否","是") -> 否 | T29: =IFERROR(VLOOKUP(A29,滿意度調查!$B$4:$D$570,3,FALSE),"") | U29: =TEXT(B29,"yyyy-mm") -> 2026-04 | V29: =IF(J29="已結案",0,(使用說明!$B$7-B29)*24) -> 0
A30: TK-2026-0027 | B30: 46117.419 | C30: C0140 | D30: 線上客服 | E30: 配送問題 | F30: 配送時間異常 | G30: 一般 | H30: E020 | I30: =VLOOKUP(H30,人員與團隊!$A$4:$D$27,3,FALSE) -> 線上服務 | J30: 已結案 | K30: 46117.469 | L30: 46118.274 | M30: =IF(K30="","",(K30-B30)*1440) -> 72 | N30: =IF(L30="","",(L30-B30)*24) -> 20.527661 | O30: =VLOOKUP(G30,SLA標準!$A$4:$C$7,2,FALSE) -> 240 | P30: =VLOOKUP(G30,SLA標準!$A$4:$C$7,3,FALSE) -> 24 | Q30: =IF(J30="已結案",IF(AND(M30<=O30,N30<=P30),"達標","逾期"),IF(OR(M30>O30,V30>P30),"逾期","進行中")) -> 達標 | R30: 否 | S30: =IF(T30="","否","是") -> 是 | T30: =IFERROR(VLOOKUP(A30,滿意度調查!$B$4:$D$570,3,FALSE),"") -> 5 | U30: =TEXT(B30,"yyyy-mm") -> 2026-04 | V30: =IF(J30="已結案",0,(使用說明!$B$7-B30)*24) -> 0
A31: TK-2026-0028 | B31: 46117.52 | C31: C0275 | D31: 線上客服 | E31: 訂單問題 | F31: 優惠未套用 | G31: 一般 | H31: E013 | I31: =VLOOKUP(H31,人員與團隊!$A$4:$D$27,3,FALSE) -> 南區服務 | J31: 已結案 | K31: 46117.618 | L31: 46118.307 | M31: =IF(K31="","",(K31-B31)*1440) -> 141 | N31: =IF(L31="","",(L31-B31)*24) -> 18.890183 | O31: =VLOOKUP(G31,SLA標準!$A$4:$C$7,2,FALSE) -> 240 | P31: =VLOOKUP(G31,SLA標準!$A$4:$C$7,3,FALSE) -> 24 | Q31: =IF(J31="已結案",IF(AND(M31<=O31,N31<=P31),"達標","逾期"),IF(OR(M31>O31,V31>P31),"逾期","進行中")) -> 達標 | R31: 否 | S31: =IF(T31="","否","是") -> 是 | T31: =IFERROR(VLOOKUP(A31,滿意度調查!$B$4:$D$570,3,FALSE),"") -> 5 | U31: =TEXT(B31,"yyyy-mm") -> 2026-04 | V31: =IF(J31="已結案",0,(使用說明!$B$7-B31)*24) -> 0
... A50: TK-2026-0047 | B50: 46119.649 | C50: C0093 | D50: 電話 | E50: 退換貨 | F50: 換貨進度查詢 | G50: 緊急 | H50: E010 | I50: =VLOOKUP(H50,人員與團隊!$A$4:$D$27,3,FALSE) -> 南區服務 | J50: 已結案 | K50: 46119.655 | L50: 46120.096 | M50: =IF(K50="","",(K50-B50)*1440) -> 9 | N50: =IF(L50="","",(L50-B50)*24) -> 10.727381 | O50: =VLOOKUP(G50,SLA標準!$A$4:$C$7,2,FALSE) -> 30 | P50: =VLOOKUP(G50,SLA標準!$A$4:$C$7,3,FALSE) -> 4 | Q50: =IF(J50="已結案",IF(AND(M50<=O50,N50<=P50),"達標","逾期"),IF(OR(M50>O50,V50>P50),"逾期","進行中")) -> 逾期 | R50: 否 | S50: =IF(T50="","否","是") -> 是 | T50: =IFERROR(VLOOKUP(A50,滿意度調查!$B$4:$D$570,3,FALSE),"") -> 2 | U50: =TEXT(B50,"yyyy-mm") -> 2026-04 | V50: =IF(J50="已結案",0,(使用說明!$B$7-B50)*24) -> 0
A51: TK-2026-0048 | B51: 46119.775 | C51: C0098 | D51: Email | E51: 帳務問題 | F51: 發票資料錯誤 | G51: 緊急 | H51: E013 | I51: =VLOOKUP(H51,人員與團隊!$A$4:$D$27,3,FALSE) -> 南區服務 | J51: 處理中 | K51: 46119.808 | M51: =IF(K51="","",(K51-B51)*1440) -> 47 | N51: =IF(L51="","",(L51-B51)*24) | O51: =VLOOKUP(G51,SLA標準!$A$4:$C$7,2,FALSE) -> 30 | P51: =VLOOKUP(G51,SLA標準!$A$4:$C$7,3,FALSE) -> 4 | Q51: =IF(J51="已結案",IF(AND(M51<=O51,N51<=P51),"達標","逾期"),IF(OR(M51>O51,V51>P51),"逾期","進行中")) -> 逾期 | R51: 否 | S51: =IF(T51="","否","是") -> 否 | T51: =IFERROR(VLOOKUP(A51,滿意度調查!$B$4:$D$570,3,FALSE),"") | U51: =TEXT(B51,"yyyy-mm") -> 2026-04 | V51: =IF(J51="已結案",0,(使用說明!$B$7-B51)*24) -> 2030.4
A52: TK-2026-0049 | B52: 46119.808 | C52: C0035 | D52: 電話 | E52: 帳務問題 | F52: 重複扣款 | G52: 一般 | H52: E014 | I52: =VLOOKUP(H52,人員與團隊!$A$4:$D$27,3,FALSE) -> 南區服務 | J52: 已結案 | K52: 46119.954 | L52: 46121.219 | M52: =IF(K52="","",(K52-B52)*1440) -> 210 | N52: =IF(L52="","",(L52-B52)*24) -> 33.848431 | O52: =VLOOKUP(G52,SLA標準!$A$4:$C$7,2,FALSE) -> 240 | P52: =VLOOKUP(G52,SLA標準!$A$4:$C$7,3,FALSE) -> 24 | Q52: =IF(J52="已結案",IF(AND(M52<=O52,N52<=P52),"達標","逾期"),IF(OR(M52>O52,V52>P52),"逾期","進行中")) -> 逾期 | R52: 是 | S52: =IF(T52="","否","是") -> 否 | T52: =IFERROR(VLOOKUP(A52,滿意度調查!$B$4:$D$570,3,FALSE),"") | U52: =TEXT(B52,"yyyy-mm") -> 2026-04 | V52: =IF(J52="已結案",0,(使用說明!$B$7-B52)*24) -> 0
A53: TK-2026-0050 | B53: 46121.381 | C53: C0182 | D53: Email | E53: 登入問題 | F53: 無法完成登入 | G53: 一般 | H53: E009 | I53: =VLOOKUP(H53,人員與團隊!$A$4:$D$27,3,FALSE) -> 南區服務 | J53: 已結案 | K53: 46121.565 | L53: 46121.592 | M53: =IF(K53="","",(K53-B53)*1440) -> 266 | N53: =IF(L53="","",(L53-B53)*24) -> 5.0691944 | O53: =VLOOKUP(G53,SLA標準!$A$4:$C$7,2,FALSE) -> 240 | P53: =VLOOKUP(G53,SLA標準!$A$4:$C$7,3,FALSE) -> 24 | Q53: =IF(J53="已結案",IF(AND(M53<=O53,N53<=P53),"達標","逾期"),IF(OR(M53>O53,V53>P53),"逾期","進行中")) -> 逾期 | R53: 否 | S53: =IF(T53="","否","是") -> 是 | T53: =IFERROR(VLOOKUP(A53,滿意度調查!$B$4:$D$570,3,FALSE),"") -> 3 | U53: =TEXT(B53,"yyyy-mm") -> 2026-04 | V53: =IF(J53="已結案",0,(使用說明!$B$7-B53)*24) -> 0
A54: TK-2026-0051 | B54: 46121.471 | C54: C0099 | D54: 線上客服 | E54: 系統異常 | F54: 資料未同步 | G54: 高 | H54: E024 | I54: =VLOOKUP(H54,人員與團隊!$A$4:$D$27,3,FALSE) -> 線上服務 | J54: 已結案 | K54: 46121.484 | L54: 46121.69 | M54: =IF(K54="","",(K54-B54)*1440) -> 19 | N54: =IF(L54="","",(L54-B54)*24) -> 5.2480308 | O54: =VLOOKUP(G54,SLA標準!$A$4:$C$7,2,FALSE) -> 60 | P54: =VLOOKUP(G54,SLA標準!$A$4:$C$7,3,FALSE) -> 8 | Q54: =IF(J54="已結案",IF(AND(M54<=O54,N54<=P54),"達標","逾期"),IF(OR(M54>O54,V54>P54),"逾期","進行中")) -> 達標 | R54: 否 | S54: =IF(T54="","否","是") -> 否 | T54: =IFERROR(VLOOKUP(A54,滿意度調查!$B$4:$D$570,3,FALSE),"") | U54: =TEXT(B54,"yyyy-mm") -> 2026-04 | V54: =IF(J54="已結案",0,(使用說明!$B$7-B54)*24) -> 0
A55: TK-2026-0052 | B55: 46121.512 | C55: C0014 | D55: Email | E55: 配送問題 | F55: 商品尚未到貨 | G55: 一般 | H55: E003 | I55: =VLOOKUP(H55,人員與團隊!$A$4:$D$27,3,FALSE) -> 北區服務 | J55: 已結案 | K55: 46121.71 | L55: 46122.518 | M55: =IF(K55="","",(K55-B55)*1440) -> 284 | N55: =IF(L55="","",(L55-B55)*24) -> 24.137386 | O55: =VLOOKUP(G55,SLA標準!$A$4:$C$7,2,FALSE) -> 240 | P55: =VLOOKUP(G55,SLA標準!$A$4:$C$7,3,FALSE) -> 24 | Q55: =IF(J55="已結案",IF(AND(M55<=O55,N55<=P55),"達標","逾期"),IF(OR(M55>O55,V55>P55),"逾期","進行中")) -> 逾期 | R55: 否 | S55: =IF(T55="","否","是") -> 否 | T55: =IFERROR(VLOOKUP(A55,滿意度調查!$B$4:$D$570,3,FALSE),"") | U55: =TEXT(B55,"yyyy-mm") -> 2026-04 | V55: =IF(J55="已結案",0,(使用說明!$B$7-B55)*24) -> 0
A56: TK-2026-0053 | B56: 46121.588 | C56: C0248 | D56: 電話 | E56: 登入問題 | F56: 無法完成登入 | G56: 高 | H56: E002 | I56: =VLOOKUP(H56,人員與團隊!$A$4:$D$27,3,FALSE) -> 北區服務 | J56: 已結案 | K56: 46121.612 | L56: 46121.797 | M56: =IF(K56="","",(K56-B56)*1440) -> 34 | N56: =IF(L56="","",(L56-B56)*24) -> 5.0130878 | O56: =VLOOKUP(G56,SLA標準!$A$4:$C$7,2,FALSE) -> 60 | P56: =VLOOKUP(G56,SLA標準!$A$4:$C$7,3,FALSE) -> 8 | Q56: =IF(J56="已結案",IF(AND(M56<=O56,N56<=P56),"達標","逾期"),IF(OR(M56>O56,V56>P56),"逾期","進行中")) -> 達標 | R56: 是 | S56: =IF(T56="","否","是") -> 否 | T56: =IFERROR(VLOOKUP(A56,滿意度調查!$B$4:$D$570,3,FALSE),"") | U56: =TEXT(B56,"yyyy-mm") -> 2026-04 | V56: =IF(J56="已結案",0,(使用說明!$B$7-B56)*24) -> 0
A57: TK-2026-0054 | B57: 46121.653 | C57: C0008 | D57: Email | E57: 系統異常 | F57: 頁面無法開啟 | G57: 高 | H57: E017 | I57: =VLOOKUP(H57,人員與團隊!$A$4:$D$27,3,FALSE) -> 線上服務 | J57: 已結案 | K57: 46121.706 | L57: 46121.853 | M57: =IF(K57="","",(K57-B57)*1440) -> 76 | N57: =IF(L57="","",(L57-B57)*24) -> 4.8081428 | O57: =VLOOKUP(G57,SLA標準!$A$4:$C$7,2,FALSE) -> 60 | P57: =VLOOKUP(G57,SLA標準!$A$4:$C$7,3,FALSE) -> 8 | Q57: =IF(J57="已結案",IF(AND(M57<=O57,N57<=P57),"達標","逾期"),IF(OR(M57>O57,V57>P57),"逾期","進行中")) -> 逾期 | R57: 否 | S57: =IF(T57="","否","是") -> 是 | T57: =IFERROR(VLOOKUP(A57,滿意度調查!$B$4:$D$570,3,FALSE),"") -> 3 | U57: =TEXT(B57,"yyyy-mm") -> 2026-04 | V57: =IF(J57="已結案",0,(使用說明!$B$7-B57)*24) -> 0
A58: TK-2026-0055 | B58: 46121.826 | C58: C0209 | D58: 線上客服 | E58: 系統異常 | F58: 系統反應緩慢 | G58: 緊急 | H58: E012 | I58: =VLOOKUP(H58,人員與團隊!$A$4:$D$27,3,FALSE) -> 南區服務 | J58: 已結案 | K58: 46121.838 | L58: 46122.168 | M58: =IF(K58="","",(K58-B58)*1440) -> 17 | N58: =IF(L58="","",(L58-B58)*24) -> 8.226275 | O58: =VLOOKUP(G58,SLA標準!$A$4:$C$7,2,FALSE) -> 30 | P58: =VLOOKUP(G58,SLA標準!$A$4:$C$7,3,FALSE) -> 4 | Q58: =IF(J58="已結案",IF(AND(M58<=O58,N58<=P58),"達標","逾期"),IF(OR(M58>O58,V58>P58),"逾期","進行中")) -> 逾期 | R58: 否 | S58: =IF(T58="","否","是") -> 否 | T58: =IFERROR(VLOOKUP(A58,滿意度調查!$B$4:$D$570,3,FALSE),"") | U58: =TEXT(B58,"yyyy-mm") -> 2026-04 | V58: =IF(J58="已結案",0,(使用說明!$B$7-B58)*24) -> 0
A59: TK-2026-0056 | B59: 46121.826 | C59: C0005 | D59: 線上客服 | E59: 帳務問題 | F59: 重複扣款 | G59: 一般 | H59: E024 | I59: =VLOOKUP(H59,人員與團隊!$A$4:$D$27,3,FALSE) -> 線上服務 | J59: 已結案 | K59: 46121.934 | L59: 46122.794 | M59: =IF(K59="","",(K59-B59)*1440) -> 155 | N59: =IF(L59="","",(L59-B59)*24) -> 23.224191 | O59: =VLOOKUP(G59,SLA標準!$A$4:$C$7,2,FALSE) -> 240 | P59: =VLOOKUP(G59,SLA標準!$A$4:$C$7,3,FALSE) -> 24 | Q59: =IF(J59="已結案",IF(AND(M59<=O59,N59<=P59),"達標","逾期"),IF(OR(M59>O59,V59>P59),"逾期","進行中")) -> 達標 | R59: 否 | S59: =IF(T59="","否","是") -> 是 | T59: =IFERROR(VLOOKUP(A59,滿意度調查!$B$4:$D$570,3,FALSE),"") -> 5 | U59: =TEXT(B59,"yyyy-mm") -> 2026-04 | V59: =IF(J59="已結案",0,(使用說明!$B$7-B59)*24) -> 0
A60: TK-2026-0057 | B60: 46122.456 | C60: C0002 | D60: 電話 | E60: 登入問題 | F60: 帳號被鎖定 | G60: 一般 | H60: E016 | I60: =VLOOKUP(H60,人員與團隊!$A$4:$D$27,3,FALSE) -> 南區服務 | J60: 已結案 | K60: 46122.567 | L60: 46122.759 | M60: =IF(K60="","",(K60-B60)*1440) -> 159 | N60: =IF(L60="","",(L60-B60)*24) -> 7.2743833 | O60: =VLOOKUP(G60,SLA標準!$A$4:$C$7,2,FALSE) -> 240 | P60: =VLOOKUP(G60,SLA標準!$A$4:$C$7,3,FALSE) -> 24 | Q60: =IF(J60="已結案",IF(AND(M60<=O60,N60<=P60),"達標","逾期"),IF(OR(M60>O60,V60>P60),"逾期","進行中")) -> 達標 | R60: 否 | S60: =IF(T60="","否","是") -> 是 | T60: =IFERROR(VLOOKUP(A60,滿意度調查!$B$4:$D$570,3,FALSE),"") -> 5 | U60: =TEXT(B60,"yyyy-mm") -> 2026-04 | V60: =IF(J60="已結案",0,(使用說明!$B$7-B60)*24) -> 0
A61: TK-2026-0058 | B61: 46122.534 | C61: C0132 | D61: 電話 | E61: 登入問題 | F61: 帳號被鎖定 | G61: 一般 | H61: E005 | I61: =VLOOKUP(H61,人員與團隊!$A$4:$D$27,3,FALSE) -> 北區服務 | J61: 已結案 | K61: 46122.614 | L61: 46122.779 | M61: =IF(K61="","",(K61-B61)*1440) -> 115 | N61: =IF(L61="","",(L61-B61)*24) -> 5.888305 | O61: =VLOOKUP(G61,SLA標準!$A$4:$C$7,2,FALSE) -> 240 | P61: =VLOOKUP(G61,SLA標準!$A$4:$C$7,3,FALSE) -> 24 | Q61: =IF(J61="已結案",IF(AND(M61<=O61,N61<=P61),"達標","逾期"),IF(OR(M61>O61,V61>P61),"逾期","進行中")) -> 達標 | R61: 否 | S61: =IF(T61="","否","是") -> 是 | T61: =IFERROR(VLOOKUP(A61,滿意度調查!$B$4:$D$570,3,FALSE),"") -> 5 | U61: =TEXT(B61,"yyyy-mm") -> 2026-04 | V61: =IF(J61="已結案",0,(使用說明!$B$7-B61)*24) -> 0
A62: TK-2026-0059 | B62: 46122.538 | C62: C0255 | D62: 線上客服 | E62: 登入問題 | F62: 驗證碼未收到 | G62: 一般 | H62: E019 | I62: =VLOOKUP(H62,人員與團隊!$A$4:$D$27,3,FALSE) -> 線上服務 | J62: 已結案 | K62: 46122.603 | L62: 46122.79 | M62: =IF(K62="","",(K62-B62)*1440) -> 94 | N62: =IF(L62="","",(L62-B62)*24) -> 6.0380103 | O62: =VLOOKUP(G62,SLA標準!$A$4:$C$7,2,FALSE) -> 240 | P62: =VLOOKUP(G62,SLA標準!$A$4:$C$7,3,FALSE) -> 24 | Q62: =IF(J62="已結案",IF(AND(M62<=O62,N62<=P62),"達標","逾期"),IF(OR(M62>O62,V62>P62),"逾期","進行中")) -> 達標 | R62: 是 | S62: =IF(T62="","否","是") -> 否 | T62: =IFERROR(VLOOKUP(A62,滿意度調查!$B$4:$D$570,3,FALSE),"") | U62: =TEXT(B62,"yyyy-mm") -> 2026-04 | V62: =IF(J62="已結案",0,(使用說明!$B$7-B62)*24) -> 0
A63: TK-2026-0060 | B63: 46122.688 | C63: C0234 | D63: 線上客服 | E63: 退換貨 | F63: 換貨進度查詢 | G63: 一般 | H63: E023 | I63: =VLOOKUP(H63,人員與團隊!$A$4:$D$27,3,FALSE) -> 線上服務 | J63: 已結案 | K63: 46122.774 | L63: 46123.39 | M63: =IF(K63="","",(K63-B63)*1440) -> 123 | N63: =IF(L63="","",(L63-B63)*24) -> 16.851611 | O63: =VLOOKUP(G63,SLA標準!$A$4:$C$7,2,FALSE) -> 240 | P63: =VLOOKUP(G63,SLA標準!$A$4:$C$7,3,FALSE) -> 24 | Q63: =IF(J63="已結案",IF(AND(M63<=O63,N63<=P63),"達標","逾期"),IF(OR(M63>O63,V63>P63),"逾期","進行中")) -> 達標 | R63: 是 | S63: =IF(T63="","否","是") -> 是 | T63: =IFERROR(VLOOKUP(A63,滿意度調查!$B$4:$D$570,3,FALSE),"") -> 4 | U63: =TEXT(B63,"yyyy-mm") -> 2026-04 | V63: =IF(J63="已結案",0,(使用說明!$B$7-B63)*24) -> 0
... A65: TK-2026-0062 | B65: 46123.463 | C65: C0186 | D65: 電話 | E65: 訂單問題 | F65: 訂單狀態未更新 | G65: 一般 | H65: E012 | I65: =VLOOKUP(H65,人員與團隊!$A$4:$D$27,3,FALSE) -> 南區服務 | J65: 已結案 | K65: 46123.514 | L65: 46123.706 | M65: =IF(K65="","",(K65-B65)*1440) -> 73 | N65: =IF(L65="","",(L65-B65)*24) -> 5.8352222 | O65: =VLOOKUP(G65,SLA標準!$A$4:$C$7,2,FALSE) -> 240 | P65: =VLOOKUP(G65,SLA標準!$A$4:$C$7,3,FALSE) -> 24 | Q65: =IF(J65="已結案",IF(AND(M65<=O65,N65<=P65),"達標","逾期"),IF(OR(M65>O65,V65>P65),"逾期","進行中")) -> 達標 | R65: 否 | S65: =IF(T65="","否","是") -> 是 | T65: =IFERROR(VLOOKUP(A65,滿意度調查!$B$4:$D$570,3,FALSE),"") -> 5 | U65: =TEXT(B65,"yyyy-mm") -> 2026-04 | V65: =IF(J65="已結案",0,(使用說明!$B$7-B65)*24) -> 0
A66: TK-2026-0063 | B66: 46123.469 | C66: C0031 | D66: 電話 | E66: 退換貨 | F66: 退貨運費爭議 | G66: 一般 | H66: E024 | I66: =VLOOKUP(H66,人員與團隊!$A$4:$D$27,3,FALSE) -> 線上服務 | J66: 等待客戶 | K66: 46123.553 | M66: =IF(K66="","",(K66-B66)*1440) -> 121 | N66: =IF(L66="","",(L66-B66)*24) | O66: =VLOOKUP(G66,SLA標準!$A$4:$C$7,2,FALSE) -> 240 | P66: =VLOOKUP(G66,SLA標準!$A$4:$C$7,3,FALSE) -> 24 | Q66: =IF(J66="已結案",IF(AND(M66<=O66,N66<=P66),"達標","逾期"),IF(OR(M66>O66,V66>P66),"逾期","進行中")) -> 逾期 | R66: 否 | S66: =IF(T66="","否","是") -> 否 | T66: =IFERROR(VLOOKUP(A66,滿意度調查!$B$4:$D$570,3,FALSE),"") | U66: =TEXT(B66,"yyyy-mm") -> 2026-04 | V66: =IF(J66="已結案",0,(使用說明!$B$7-B66)*24) -> 1941.7333
A67: TK-2026-0064 | B67: 46123.481 | C67: C0079 | D67: 線上客服 | E67: 配送問題 | F67: 物流狀態未更新 | G67: 一般 | H67: E005 | I67: =VLOOKUP(H67,人員與團隊!$A$4:$D$27,3,FALSE) -> 北區服務 | J67: 已結案 | K67: 46123.541 | L67: 46123.991 | M67: =IF(K67="","",(K67-B67)*1440) -> 87 | N67: =IF(L67="","",(L67-B67)*24) -> 12.249744 | O67: =VLOOKUP(G67,SLA標準!$A$4:$C$7,2,FALSE) -> 240 | P67: =VLOOKUP(G67,SLA標準!$A$4:$C$7,3,FALSE) -> 24 | Q67: =IF(J67="已結案",IF(AND(M67<=O67,N67<=P67),"達標","逾期"),IF(OR(M67>O67,V67>P67),"逾期","進行中")) -> 達標 | R67: 否 | S67: =IF(T67="","否","是") -> 是 | T67: =IFERROR(VLOOKUP(A67,滿意度調查!$B$4:$D$570,3,FALSE),"") -> 5 | U67: =TEXT(B67,"yyyy-mm") -> 2026-04 | V67: =IF(J67="已結案",0,(使用說明!$B$7-B67)*24) -> 0
A68: TK-2026-0065 | B68: 46123.556 | C68: C0005 | D68: 社群 | E68: 配送問題 | F68: 配送時間異常 | G68: 一般 | H68: E005 | I68: =VLOOKUP(H68,人員與團隊!$A$4:$D$27,3,FALSE) -> 北區服務 | J68: 已結案 | K68: 46123.697 | L68: 46124.469 | M68: =IF(K68="","",(K68-B68)*1440) -> 203 | N68: =IF(L68="","",(L68-B68)*24) -> 21.915257 | O68: =VLOOKUP(G68,SLA標準!$A$4:$C$7,2,FALSE) -> 240 | P68: =VLOOKUP(G68,SLA標準!$A$4:$C$7,3,FALSE) -> 24 | Q68: =IF(J68="已結案",IF(AND(M68<=O68,N68<=P68),"達標","逾期"),IF(OR(M68>O68,V68>P68),"逾期","進行中")) -> 達標 | R68: 是 | S68: =IF(T68="","否","是") -> 是 | T68: =IFERROR(VLOOKUP(A68,滿意度調查!$B$4:$D$570,3,FALSE),"") -> 5 | U68: =TEXT(B68,"yyyy-mm") -> 2026-04 | V68: =IF(J68="已結案",0,(使用說明!$B$7-B68)*24) -> 0
A69: TK-2026-0066 | B69: 46123.648 | C69: C0058 | D69: Email | E69: 系統異常 | F69: 功能操作失敗 | G69: 低 | H69: E005 | I69: =VLOOKUP(H69,人員與團隊!$A$4:$D$27,3,FALSE) -> 北區服務 | J69: 已結案 | K69: 46123.908 | L69: 46124.536 | M69: =IF(K69="","",(K69-B69)*1440) -> 374 | N69: =IF(L69="","",(L69-B69)*24) -> 21.304434 | O69: =VLOOKUP(G69,SLA標準!$A$4:$C$7,2,FALSE) -> 480 | P69: =VLOOKUP(G69,SLA標準!$A$4:$C$7,3,FALSE) -> 48 | Q69: =IF(J69="已結案",IF(AND(M69<=O69,N69<=P69),"達標","逾期"),IF(OR(M69>O69,V69>P69),"逾期","進行中")) -> 達標 | R69: 是 | S69: =IF(T69="","否","是") -> 否 | T69: =IFERROR(VLOOKUP(A69,滿意度調查!$B$4:$D$570,3,FALSE),"") | U69: =TEXT(B69,"yyyy-mm") -> 2026-04 | V69: =IF(J69="已結案",0,(使用說明!$B$7-B69)*24) -> 0
A70: TK-2026-0067 | B70: 46123.772 | C70: C0147 | D70: 線上客服 | E70: 配送問題 | F70: 配送時間異常 | G70: 緊急 | H70: E010 | I70: =VLOOKUP(H70,人員與團隊!$A$4:$D$27,3,FALSE) -> 南區服務 | J70: 已結案 | K70: 46123.775 | L70: 46124.078 | M70: =IF(K70="","",(K70-B70)*1440) -> 4 | N70: =IF(L70="","",(L70-B70)*24) -> 7.3352039 | O70: =VLOOKUP(G70,SLA標準!$A$4:$C$7,2,FALSE) -> 30 | P70: =VLOOKUP(G70,SLA標準!$A$4:$C$7,3,FALSE) -> 4 | Q70: =IF(J70="已結案",IF(AND(M70<=O70,N70<=P70),"達標","逾期"),IF(OR(M70>O70,V70>P70),"逾期","進行中")) -> 逾期 | R70: 否 | S70: =IF(T70="","否","是") -> 是 | T70: =IFERROR(VLOOKUP(A70,滿意度調查!$B$4:$D$570,3,FALSE),"") -> 3 | U70: =TEXT(B70,"yyyy-mm") -> 2026-04 | V70: =IF(J70="已結案",0,(使用說明!$B$7-B70)*24) -> 0
A71: TK-2026-0068 | B71: 46123.787 | C71: C0042 | D71: Email | E71: 登入問題 | F71: 忘記密碼 | G71: 一般 | H71: E009 | I71: =VLOOKUP(H71,人員與團隊!$A$4:$D$27,3,FALSE) -> 南區服務 | J71: 已結案 | K71: 46123.96 | L71: 46124.063 | M71: =IF(K71="","",(K71-B71)*1440) -> 250 | N71: =IF(L71="","",(L71-B71)*24) -> 6.6355619 | O71: =VLOOKUP(G71,SLA標準!$A$4:$C$7,2,FALSE) -> 240 | P71: =VLOOKUP(G71,SLA標準!$A$4:$C$7,3,FALSE) -> 24 | Q71: =IF(J71="已結案",IF(AND(M71<=O71,N71<=P71),"達標","逾期"),IF(OR(M71>O71,V71>P71),"逾期","進行中")) -> 逾期 | R71: 否 | S71: =IF(T71="","否","是") -> 是 | T71: =IFERROR(VLOOKUP(A71,滿意度調查!$B$4:$D$570,3,FALSE),"") -> 4 | U71: =TEXT(B71,"yyyy-mm") -> 2026-04 | V71: =IF(J71="已結案",0,(使用說明!$B$7-B71)*24) -> 0
A72: TK-2026-0069 | B72: 46123.818 | C72: C0020 | D72: 電話 | E72: 登入問題 | F72: 無法完成登入 | G72: 一般 | H72: E008 | I72: =VLOOKUP(H72,人員與團隊!$A$4:$D$27,3,FALSE) -> 北區服務 | J72: 處理中 | K72: 46123.967 | M72: =IF(K72="","",(K72-B72)*1440) -> 214 | N72: =IF(L72="","",(L72-B72)*24) | O72: =VLOOKUP(G72,SLA標準!$A$4:$C$7,2,FALSE) -> 240 | P72: =VLOOKUP(G72,SLA標準!$A$4:$C$7,3,FALSE) -> 24 | Q72: =IF(J72="已結案",IF(AND(M72<=O72,N72<=P72),"達標","逾期"),IF(OR(M72>O72,V72>P72),"逾期","進行中")) -> 逾期 | R72: 否 | S72: =IF(T72="","否","是") -> 否 | T72: =IFERROR(VLOOKUP(A72,滿意度調查!$B$4:$D$570,3,FALSE),"") | U72: =TEXT(B72,"yyyy-mm") -> 2026-04 | V72: =IF(J72="已結案",0,(使用說明!$B$7-B72)*24) -> 1933.3667
A73: TK-2026-0070 | B73: 46124.342 | C73: C0079 | D73: Email | E73: 帳務問題 | F73: 重複扣款 | G73: 一般 | H73: E006 | I73: =VLOOKUP(H73,人員與團隊!$A$4:$D$27,3,FALSE) -> 北區服務 | J73: 已結案 | K73: 46124.642 | L73: 46126.092 | M73: =IF(K73="","",(K73-B73)*1440) -> 433 | N73: =IF(L73="","",(L73-B73)*24) -> 42.012329 | O73: =VLOOKUP(G73,SLA標準!$A$4:$C$7,2,FALSE) -> 240 | P73: =VLOOKUP(G73,SLA標準!$A$4:$C$7,3,FALSE) -> 24 | Q73: =IF(J73="已結案",IF(AND(M73<=O73,N73<=P73),"達標","逾期"),IF(OR(M73>O73,V73>P73),"逾期","進行中")) -> 逾期 | R73: 否 | S73: =IF(T73="","否","是") -> 是 | T73: =IFERROR(VLOOKUP(A73,滿意度調查!$B$4:$D$570,3,FALSE),"") -> 3 | U73: =TEXT(B73,"yyyy-mm") -> 2026-04 | V73: =IF(J73="已結案",0,(使用說明!$B$7-B73)*24) -> 0
A74: TK-2026-0071 | B74: 46124.368 | C74: C0273 | D74: 電話 | E74: 訂單問題 | F74: 訂單內容錯誤 | G74: 一般 | H74: E012 | I74: =VLOOKUP(H74,人員與團隊!$A$4:$D$27,3,FALSE) -> 南區服務 | J74: 已結案 | K74: 46124.463 | L74: 46124.999 | M74: =IF(K74="","",(K74-B74)*1440) -> 137 | N74: =IF(L74="","",(L74-B74)*24) -> 15.152366 | O74: =VLOOKUP(G74,SLA標準!$A$4:$C$7,2,FALSE) -> 240 | P74: =VLOOKUP(G74,SLA標準!$A$4:$C$7,3,FALSE) -> 24 | Q74: =IF(J74="已結案",IF(AND(M74<=O74,N74<=P74),"達標","逾期"),IF(OR(M74>O74,V74>P74),"逾期","進行中")) -> 達標 | R74: 是 | S74: =IF(T74="","否","是") -> 否 | T74: =IFERROR(VLOOKUP(A74,滿意度調查!$B$4:$D$570,3,FALSE),"") | U74: =TEXT(B74,"yyyy-mm") -> 2026-04 | V74: =IF(J74="已結案",0,(使用說明!$B$7-B74)*24) -> 0
A75: TK-2026-0072 | B75: 46124.433 | C75: C0187 | D75: 社群 | E75: 帳務問題 | F75: 退款尚未入帳 | G75: 緊急 | H75: E003 | I75: =VLOOKUP(H75,人員與團隊!$A$4:$D$27,3,FALSE) -> 北區服務 | J75: 已結案 | K75: 46124.467 | L75: 46125.417 | M75: =IF(K75="","",(K75-B75)*1440) -> 49 | N75: =IF(L75="","",(L75-B75)*24) -> 23.596953 | O75: =VLOOKUP(G75,SLA標準!$A$4:$C$7,2,FALSE) -> 30 | P75: =VLOOKUP(G75,SLA標準!$A$4:$C$7,3,FALSE) -> 4 | Q75: =IF(J75="已結案",IF(AND(M75<=O75,N75<=P75),"達標","逾期"),IF(OR(M75>O75,V75>P75),"逾期","進行中")) -> 逾期 | R75: 否 | S75: =IF(T75="","否","是") -> 是 | T75: =IFERROR(VLOOKUP(A75,滿意度調查!$B$4:$D$570,3,FALSE),"") -> 2 | U75: =TEXT(B75,"yyyy-mm") -> 2026-04 | V75: =IF(J75="已結案",0,(使用說明!$B$7-B75)*24) -> 0
A76: TK-2026-0073 | B76: 46124.507 | C76: C0250 | D76: 線上客服 | E76: 退換貨 | F76: 申請退貨 | G76: 一般 | H76: E018 | I76: =VLOOKUP(H76,人員與團隊!$A$4:$D$27,3,FALSE) -> 線上服務 | J76: 處理中 | K76: 46124.592 | M76: =IF(K76="","",(K76-B76)*1440) -> 123 | N76: =IF(L76="","",(L76-B76)*24) | O76: =VLOOKUP(G76,SLA標準!$A$4:$C$7,2,FALSE) -> 240 | P76: =VLOOKUP(G76,SLA標準!$A$4:$C$7,3,FALSE) -> 24 | Q76: =IF(J76="已結案",IF(AND(M76<=O76,N76<=P76),"達標","逾期"),IF(OR(M76>O76,V76>P76),"逾期","進行中")) -> 逾期 | R76: 是 | S76: =IF(T76="","否","是") -> 否 | T76: =IFERROR(VLOOKUP(A76,滿意度調查!$B$4:$D$570,3,FALSE),"") | U76: =TEXT(B76,"yyyy-mm") -> 2026-04 | V76: =IF(J76="已結案",0,(使用說明!$B$7-B76)*24) -> 1916.8333
A77: TK-2026-0074 | B77: 46124.612 | C77: C0026 | D77: 電話 | E77: 配送問題 | F77: 配送時間異常 | G77: 一般 | H77: E010 | I77: =VLOOKUP(H77,人員與團隊!$A$4:$D$27,3,FALSE) -> 南區服務 | J77: 已結案 | K77: 46124.762 | L77: 46125.091 | M77: =IF(K77="","",(K77-B77)*1440) -> 216 | N77: =IF(L77="","",(L77-B77)*24) -> 11.509758 | O77: =VLOOKUP(G77,SLA標準!$A$4:$C$7,2,FALSE) -> 240 | P77: =VLOOKUP(G77,SLA標準!$A$4:$C$7,3,FALSE) -> 24 | Q77: =IF(J77="已結案",IF(AND(M77<=O77,N77<=P77),"達標","逾期"),IF(OR(M77>O77,V77>P77),"逾期","進行中")) -> 達標 | R77: 否 | S77: =IF(T77="","否","是") -> 是 | T77: =IFERROR(VLOOKUP(A77,滿意度調查!$B$4:$D$570,3,FALSE),"") -> 4 | U77: =TEXT(B77,"yyyy-mm") -> 2026-04 | V77: =IF(J77="已結案",0,(使用說明!$B$7-B77)*24) -> 0
A78: TK-2026-0075 | B78: 46124.693 | C78: C0108 | D78: Email | E78: 系統異常 | F78: 系統反應緩慢 | G78: 高 | H78: E009 | I78: =VLOOKUP(H78,人員與團隊!$A$4:$D$27,3,FALSE) -> 南區服務 | J78: 處理中 | K78: 46124.755 | M78: =IF(K78="","",(K78-B78)*1440) -> 89 | N78: =IF(L78="","",(L78-B78)*24) | O78: =VLOOKUP(G78,SLA標準!$A$4:$C$7,2,FALSE) -> 60 | P78: =VLOOKUP(G78,SLA標準!$A$4:$C$7,3,FALSE) -> 8 | Q78: =IF(J78="已結案",IF(AND(M78<=O78,N78<=P78),"達標","逾期"),IF(OR(M78>O78,V78>P78),"逾期","進行中")) -> 逾期 | R78: 是 | S78: =IF(T78="","否","是") -> 否 | T78: =IFERROR(VLOOKUP(A78,滿意度調查!$B$4:$D$570,3,FALSE),"") | U78: =TEXT(B78,"yyyy-mm") -> 2026-04 | V78: =IF(J78="已結案",0,(使用說明!$B$7-B78)*24) -> 1912.3667
A79: TK-2026-0076 | B79: 46124.699 | C79: C0177 | D79: Email | E79: 配送問題 | F79: 商品尚未到貨 | G79: 一般 | H79: E017 | I79: =VLOOKUP(H79,人員與團隊!$A$4:$D$27,3,FALSE) -> 線上服務 | J79: 已結案 | K79: 46124.934 | L79: 46125.773 | M79: =IF(K79="","",(K79-B79)*1440) -> 339 | N79: =IF(L79="","",(L79-B79)*24) -> 25.784956 | O79: =VLOOKUP(G79,SLA標準!$A$4:$C$7,2,FALSE) -> 240 | P79: =VLOOKUP(G79,SLA標準!$A$4:$C$7,3,FALSE) -> 24 | Q79: =IF(J79="已結案",IF(AND(M79<=O79,N79<=P79),"達標","逾期"),IF(OR(M79>O79,V79>P79),"逾期","進行中")) -> 逾期 | R79: 否 | S79: =IF(T79="","否","是") -> 是 | T79: =IFERROR(VLOOKUP(A79,滿意度調查!$B$4:$D$570,3,FALSE),"") -> 4 | U79: =TEXT(B79,"yyyy-mm") -> 2026-04 | V79: =IF(J79="已結案",0,(使用說明!$B$7-B79)*24) -> 0
A80: TK-2026-0077 | B80: 46124.755 | C80: C0094 | D80: 電話 | E80: 系統異常 | F80: 功能操作失敗 | G80: 一般 | H80: E009 | I80: =VLOOKUP(H80,人員與團隊!$A$4:$D$27,3,FALSE) -> 南區服務 | J80: 等待客戶 | K80: 46124.868 | M80: =IF(K80="","",(K80-B80)*1440) -> 163 | N80: =IF(L80="","",(L80-B80)*24) | O80: =VLOOKUP(G80,SLA標準!$A$4:$C$7,2,FALSE) -> 240 | P80: =VLOOKUP(G80,SLA標準!$A$4:$C$7,3,FALSE) -> 24 | Q80: =IF(J80="已結案",IF(AND(M80<=O80,N80<=P80),"達標","逾期"),IF(OR(M80>O80,V80>P80),"逾期","進行中")) -> 逾期 | R80: 否 | S80: =IF(T80="","否","是") -> 否 | T80: =IFERROR(VLOOKUP(A80,滿意度調查!$B$4:$D$570,3,FALSE),"") | U80: =TEXT(B80,"yyyy-mm") -> 2026-04 | V80: =IF(J80="已結案",0,(使用說明!$B$7-B80)*24) -> 1910.8833
A81: TK-2026-0078 | B81: 46124.833 | C81: C0057 | D81: Email | E81: 訂單問題 | F81: 訂單內容錯誤 | G81: 一般 | H81: E012 | I81: =VLOOKUP(H81,人員與團隊!$A$4:$D$27,3,FALSE) -> 南區服務 | J81: 已結案 | K81: 46125.085 | L81: 46125.512 | M81: =IF(K81="","",(K81-B81)*1440) -> 363 | N81: =IF(L81="","",(L81-B81)*24) -> 16.316324 | O81: =VLOOKUP(G81,SLA標準!$A$4:$C$7,2,FALSE) -> 240 | P81: =VLOOKUP(G81,SLA標準!$A$4:$C$7,3,FALSE) -> 24 | Q81: =IF(J81="已結案",IF(AND(M81<=O81,N81<=P81),"達標","逾期"),IF(OR(M81>O81,V81>P81),"逾期","進行中")) -> 逾期 | R81: 是 | S81: =IF(T81="","否","是") -> 是 | T81: =IFERROR(VLOOKUP(A81,滿意度調查!$B$4:$D$570,3,FALSE),"") -> 3 | U81: =TEXT(B81,"yyyy-mm") -> 2026-04 | V81: =IF(J81="已結案",0,(使用說明!$B$7-B81)*24) -> 0
A82: TK-2026-0079 | B82: 46125.334 | C82: C0074 | D82: 社群 | E82: 登入問題 | F82: 驗證碼未收到 | G82: 一般 | H82: E016 | I82: =VLOOKUP(H82,人員與團隊!$A$4:$D$27,3,FALSE) -> 南區服務 | J82: 已結案 | K82: 46125.447 | L82: 46125.475 | M82: =IF(K82="","",(K82-B82)*1440) -> 163 | N82: =IF(L82="","",(L82-B82)*24) -> 3.3724258 | O82: =VLOOKUP(G82,SLA標準!$A$4:$C$7,2,FALSE) -> 240 | P82: =VLOOKUP(G82,SLA標準!$A$4:$C$7,3,FALSE) -> 24 | Q82: =IF(J82="已結案",IF(AND(M82<=O82,N82<=P82),"達標","逾期"),IF(OR(M82>O82,V82>P82),"逾期","進行中")) -> 達標 | R82: 否 | S82: =IF(T82="","否","是") -> 是 | T82: =IFERROR(VLOOKUP(A82,滿意度調查!$B$4:$D$570,3,FALSE),"") -> 5 | U82: =TEXT(B82,"yyyy-mm") -> 2026-04 | V82: =IF(J82="已結案",0,(使用說明!$B$7-B82)*24) -> 0
A83: TK-2026-0080 | B83: 46125.522 | C83: C0040 | D83: 線上客服 | E83: 配送問題 | F83: 物流狀態未更新 | G83: 一般 | H83: E012 | I83: =VLOOKUP(H83,人員與團隊!$A$4:$D$27,3,FALSE) -> 南區服務 | J83: 已結案 | K83: 46125.607 | L83: 46126.07 | M83: =IF(K83="","",(K83-B83)*1440) -> 123 | N83: =IF(L83="","",(L83-B83)*24) -> 13.165494 | O83: =VLOOKUP(G83,SLA標準!$A$4:$C$7,2,FALSE) -> 240 | P83: =VLOOKUP(G83,SLA標準!$A$4:$C$7,3,FALSE) -> 24 | Q83: =IF(J83="已結案",IF(AND(M83<=O83,N83<=P83),"達標","逾期"),IF(OR(M83>O83,V83>P83),"逾期","進行中")) -> 達標 | R83: 否 | S83: =IF(T83="","否","是") -> 是 | T83: =IFERROR(VLOOKUP(A83,滿意度調查!$B$4:$D$570,3,FALSE),"") -> 5 | U83: =TEXT(B83,"yyyy-mm") -> 2026-04 | V83: =IF(J83="已結案",0,(使用說明!$B$7-B83)*24) -> 0
A84: TK-2026-0081 | B84: 46125.545 | C84: C0179 | D84: 社群 | E84: 登入問題 | F84: 驗證碼未收到 | G84: 高 | H84: E011 | I84: =VLOOKUP(H84,人員與團隊!$A$4:$D$27,3,FALSE) -> 南區服務 | J84: 已結案 | K84: 46125.586 | L84: 46125.688 | M84: =IF(K84="","",(K84-B84)*1440) -> 59 | N84: =IF(L84="","",(L84-B84)*24) -> 3.4324917 | O84: =VLOOKUP(G84,SLA標準!$A$4:$C$7,2,FALSE) -> 60 | P84: =VLOOKUP(G84,SLA標準!$A$4:$C$7,3,FALSE) -> 8 | Q84: =IF(J84="已結案",IF(AND(M84<=O84,N84<=P84),"達標","逾期"),IF(OR(M84>O84,V84>P84),"逾期","進行中")) -> 達標 | R84: 否 | S84: =IF(T84="","否","是") -> 是 | T84: =IFERROR(VLOOKUP(A84,滿意度調查!$B$4:$D$570,3,FALSE),"") -> 5 | U84: =TEXT(B84,"yyyy-mm") -> 2026-04 | V84: =IF(J84="已結案",0,(使用說明!$B$7-B84)*24) -> 0
A85: TK-2026-0082 | B85: 46125.728 | C85: C0050 | D85: Email | E85: 訂單問題 | F85: 訂單內容錯誤 | G85: 一般 | H85: E009 | I85: =VLOOKUP(H85,人員與團隊!$A$4:$D$27,3,FALSE) -> 南區服務 | J85: 已結案 | K85: 46125.903 | L85: 46125.983 | M85: =IF(K85="","",(K85-B85)*1440) -> 252 | N85: =IF(L85="","",(L85-B85)*24) -> 6.1094394 | O85: =VLOOKUP(G85,SLA標準!$A$4:$C$7,2,FALSE) -> 240 | P85: =VLOOKUP(G85,SLA標準!$A$4:$C$7,3,FALSE) -> 24 | Q85: =IF(J85="已結案",IF(AND(M85<=O85,N85<=P85),"達標","逾期"),IF(OR(M85>O85,V85>P85),"逾期","進行中")) -> 逾期 | R85: 否 | S85: =IF(T85="","否","是") -> 是 | T85: =IFERROR(VLOOKUP(A85,滿意度調查!$B$4:$D$570,3,FALSE),"") -> 3 | U85: =TEXT(B85,"yyyy-mm") -> 2026-04 | V85: =IF(J85="已結案",0,(使用說明!$B$7-B85)*24) -> 0
A86: TK-2026-0083 | B86: 46125.792 | C86: C0232 | D86: 線上客服 | E86: 退換貨 | F86: 換貨進度查詢 | G86: 高 | H86: E012 | I86: =VLOOKUP(H86,人員與團隊!$A$4:$D$27,3,FALSE) -> 南區服務 | J86: 已結案 | K86: 46125.803 | L86: 46126.351 | M86: =IF(K86="","",(K86-B86)*1440) -> 17 | N86: =IF(L86="","",(L86-B86)*24) -> 13.428924 | O86: =VLOOKUP(G86,SLA標準!$A$4:$C$7,2,FALSE) -> 60 | P86: =VLOOKUP(G86,SLA標準!$A$4:$C$7,3,FALSE) -> 8 | Q86: =IF(J86="已結案",IF(AND(M86<=O86,N86<=P86),"達標","逾期"),IF(OR(M86>O86,V86>P86),"逾期","進行中")) -> 逾期 | R86: 否 | S86: =IF(T86="","否","是") -> 是 | T86: =IFERROR(VLOOKUP(A86,滿意度調查!$B$4:$D$570,3,FALSE),"") -> 3 | U86: =TEXT(B86,"yyyy-mm") -> 2026-04 | V86: =IF(J86="已結案",0,(使用說明!$B$7-B86)*24) -> 0
A87: TK-2026-0084 | B87: 46125.805 | C87: C0019 | D87: Email | E87: 訂單問題 | F87: 優惠未套用 | G87: 一般 | H87: E004 | I87: =VLOOKUP(H87,人員與團隊!$A$4:$D$27,3,FALSE) -> 北區服務 | J87: 已結案 | K87: 46125.949 | L87: 46126.445 | M87: =IF(K87="","",(K87-B87)*1440) -> 208 | N87: =IF(L87="","",(L87-B87)*24) -> 15.364679 | O87: =VLOOKUP(G87,SLA標準!$A$4:$C$7,2,FALSE) -> 240 | P87: =VLOOKUP(G87,SLA標準!$A$4:$C$7,3,FALSE) -> 24 | Q87: =IF(J87="已結案",IF(AND(M87<=O87,N87<=P87),"達標","逾期"),IF(OR(M87>O87,V87>P87),"逾期","進行中")) -> 達標 | R87: 否 | S87: =IF(T87="","否","是") -> 是 | T87: =IFERROR(VLOOKUP(A87,滿意度調查!$B$4:$D$570,3,FALSE),"") -> 5 | U87: =TEXT(B87,"yyyy-mm") -> 2026-04 | V87: =IF(J87="已結案",0,(使用說明!$B$7-B87)*24) -> 0
A88: TK-2026-0085 | B88: 46126.462 | C88: C0282 | D88: 社群 | E88: 登入問題 | F88: 忘記密碼 | G88: 低 | H88: E011 | I88: =VLOOKUP(H88,人員與團隊!$A$4:$D$27,3,FALSE) -> 南區服務 | J88: 已結案 | K88: 46126.795 | L88: 46126.71 | M88: =IF(K88="","",(K88-B88)*1440) -> 480 | N88: =IF(L88="","",(L88-B88)*24) -> 5.9584283 | O88: =VLOOKUP(G88,SLA標準!$A$4:$C$7,2,FALSE) -> 480 | P88: =VLOOKUP(G88,SLA標準!$A$4:$C$7,3,FALSE) -> 48 | Q88: =IF(J88="已結案",IF(AND(M88<=O88,N88<=P88),"達標","逾期"),IF(OR(M88>O88,V88>P88),"逾期","進行中")) -> 逾期 | R88: 是 | S88: =IF(T88="","否","是") -> 是 | T88: =IFERROR(VLOOKUP(A88,滿意度調查!$B$4:$D$570,3,FALSE),"") -> 4 | U88: =TEXT(B88,"yyyy-mm") -> 2026-04 | V88: =IF(J88="已結案",0,(使用說明!$B$7-B88)*24) -> 0
A89: TK-2026-0086 | B89: 46126.559 | C89: C0081 | D89: 線上客服 | E89: 退換貨 | F89: 換貨進度查詢 | G89: 一般 | H89: E012 | I89: =VLOOKUP(H89,人員與團隊!$A$4:$D$27,3,FALSE) -> 南區服務 | J89: 已結案 | K89: 46126.64 | L89: 46127.517 | M89: =IF(K89="","",(K89-B89)*1440) -> 116 | N89: =IF(L89="","",(L89-B89)*24) -> 22.996404 | O89: =VLOOKUP(G89,SLA標準!$A$4:$C$7,2,FALSE) -> 240 | P89: =VLOOKUP(G89,SLA標準!$A$4:$C$7,3,FALSE) -> 24 | Q89: =IF(J89="已結案",IF(AND(M89<=O89,N89<=P89),"達標","逾期"),IF(OR(M89>O89,V89>P89),"逾期","進行中")) -> 達標 | R89: 是 | S89: =IF(T89="","否","是") -> 是 | T89: =IFERROR(VLOOKUP(A89,滿意度調查!$B$4:$D$570,3,FALSE),"") -> 4 | U89: =TEXT(B89,"yyyy-mm") -> 2026-04 | V89: =IF(J89="已結案",0,(使用說明!$B$7-B89)*24) -> 0
A90: TK-2026-0087 | B90: 46126.561 | C90: C0146 | D90: 電話 | E90: 帳務問題 | F90: 發票資料錯誤 | G90: 一般 | H90: E016 | I90: =VLOOKUP(H90,人員與團隊!$A$4:$D$27,3,FALSE) -> 南區服務 | J90: 已結案 | K90: 46126.617 | L90: 46127.456 | M90: =IF(K90="","",(K90-B90)*1440) -> 81 | N90: =IF(L90="","",(L90-B90)*24) -> 21.483902 | O90: =VLOOKUP(G90,SLA標準!$A$4:$C$7,2,FALSE) -> 240 | P90: =VLOOKUP(G90,SLA標準!$A$4:$C$7,3,FALSE) -> 24 | Q90: =IF(J90="已結案",IF(AND(M90<=O90,N90<=P90),"達標","逾期"),IF(OR(M90>O90,V90>P90),"逾期","進行中")) -> 達標 | R90: 是 | S90: =IF(T90="","否","是") -> 是 | T90: =IFERROR(VLOOKUP(A90,滿意度調查!$B$4:$D$570,3,FALSE),"") -> 4 | U90: =TEXT(B90,"yyyy-mm") -> 2026-04 | V90: =IF(J90="已結案",0,(使用說明!$B$7-B90)*24) -> 0
A91: TK-2026-0088 | B91: 46126.609 | C91: C0277 | D91: 線上客服 | E91: 退換貨 | F91: 商品瑕疵 | G91: 一般 | H91: E019 | I91: =VLOOKUP(H91,人員與團隊!$A$4:$D$27,3,FALSE) -> 線上服務 | J91: 已結案 | K91: 46126.679 | L91: 46127.641 | M91: =IF(K91="","",(K91-B91)*1440) -> 101 | N91: =IF(L91="","",(L91-B91)*24) -> 24.760672 | O91: =VLOOKUP(G91,SLA標準!$A$4:$C$7,2,FALSE) -> 240 | P91: =VLOOKUP(G91,SLA標準!$A$4:$C$7,3,FALSE) -> 24 | Q91: =IF(J91="已結案",IF(AND(M91<=O91,N91<=P91),"達標","逾期"),IF(OR(M91>O91,V91>P91),"逾期","進行中")) -> 逾期 | R91: 否 | S91: =IF(T91="","否","是") -> 否 | T91: =IFERROR(VLOOKUP(A91,滿意度調查!$B$4:$D$570,3,FALSE),"") | U91: =TEXT(B91,"yyyy-mm") -> 2026-04 | V91: =IF(J91="已結案",0,(使用說明!$B$7-B91)*24) -> 0
A92: TK-2026-0089 | B92: 46126.851 | C92: C0296 | D92: 線上客服 | E92: 退換貨 | F92: 退貨運費爭議 | G92: 低 | H92: E023 | I92: =VLOOKUP(H92,人員與團隊!$A$4:$D$27,3,FALSE) -> 線上服務 | J92: 已結案 | K92: 46127.019 | L92: 46127.411 | M92: =IF(K92="","",(K92-B92)*1440) -> 243 | N92: =IF(L92="","",(L92-B92)*24) -> 13.448961 | O92: =VLOOKUP(G92,SLA標準!$A$4:$C$7,2,FALSE) -> 480 | P92: =VLOOKUP(G92,SLA標準!$A$4:$C$7,3,FALSE) -> 48 | Q92: =IF(J92="已結案",IF(AND(M92<=O92,N92<=P92),"達標","逾期"),IF(OR(M92>O92,V92>P92),"逾期","進行中")) -> 達標 | R92: 否 | S92: =IF(T92="","否","是") -> 是 | T92: =IFERROR(VLOOKUP(A92,滿意度調查!$B$4:$D$570,3,FALSE),"") -> 4 | U92: =TEXT(B92,"yyyy-mm") -> 2026-04 | V92: =IF(J92="已結案",0,(使用說明!$B$7-B92)*24) -> 0
... A100: TK-2026-0097 | B100: 46127.565 | C100: C0256 | D100: 線上客服 | E100: 登入問題 | F100: 帳號被鎖定 | G100: 一般 | H100: E018 | I100: =VLOOKUP(H100,人員與團隊!$A$4:$D$27,3,FALSE) -> 線上服務 | J100: 已結案 | K100: 46127.636 | L100: 46127.791 | M100: =IF(K100="","",(K100-B100)*1440) -> 102 | N100: =IF(L100="","",(L100-B100)*24) -> 5.4278228 | O100: =VLOOKUP(G100,SLA標準!$A$4:$C$7,2,FALSE) -> 240 | P100: =VLOOKUP(G100,SLA標準!$A$4:$C$7,3,FALSE) -> 24 | Q100: =IF(J100="已結案",IF(AND(M100<=O100,N100<=P100),"達標","逾期"),IF(OR(M100>O100,V100>P100),"逾期","進行中")) -> 達標 | R100: 是 | S100: =IF(T100="","否","是") -> 是 | T100: =IFERROR(VLOOKUP(A100,滿意度調查!$B$4:$D$570,3,FALSE),"") -> 4 | U100: =TEXT(B100,"yyyy-mm") -> 2026-04 | V100: =IF(J100="已結案",0,(使用說明!$B$7-B100)*24) -> 0
A101: TK-2026-0098 | B101: 46127.624 | C101: C0293 | D101: 電話 | E101: 帳務問題 | F101: 重複扣款 | G101: 高 | H101: E013 | I101: =VLOOKUP(H101,人員與團隊!$A$4:$D$27,3,FALSE) -> 南區服務 | J101: 處理中 | K101: 46127.65 | M101: =IF(K101="","",(K101-B101)*1440) -> 37 | N101: =IF(L101="","",(L101-B101)*24) | O101: =VLOOKUP(G101,SLA標準!$A$4:$C$7,2,FALSE) -> 60 | P101: =VLOOKUP(G101,SLA標準!$A$4:$C$7,3,FALSE) -> 8 | Q101: =IF(J101="已結案",IF(AND(M101<=O101,N101<=P101),"達標","逾期"),IF(OR(M101>O101,V101>P101),"逾期","進行中")) -> 逾期 | R101: 否 | S101: =IF(T101="","否","是") -> 否 | T101: =IFERROR(VLOOKUP(A101,滿意度調查!$B$4:$D$570,3,FALSE),"") | U101: =TEXT(B101,"yyyy-mm") -> 2026-04 | V101: =IF(J101="已結案",0,(使用說明!$B$7-B101)*24) -> 1842.0167
A102: TK-2026-0099 | B102: 46127.648 | C102: C0307 | D102: 社群 | E102: 登入問題 | F102: 驗證碼未收到 | G102: 高 | H102: E009 | I102: =VLOOKUP(H102,人員與團隊!$A$4:$D$27,3,FALSE) -> 南區服務 | J102: 處理中 | K102: 46127.675 | M102: =IF(K102="","",(K102-B102)*1440) -> 39 | N102: =IF(L102="","",(L102-B102)*24) | O102: =VLOOKUP(G102,SLA標準!$A$4:$C$7,2,FALSE) -> 60 | P102: =VLOOKUP(G102,SLA標準!$A$4:$C$7,3,FALSE) -> 8 | Q102: =IF(J102="已結案",IF(AND(M102<=O102,N102<=P102),"達標","逾期"),IF(OR(M102>O102,V102>P102),"逾期","進行中")) -> 逾期 | R102: 否 | S102: =IF(T102="","否","是") -> 否 | T102: =IFERROR(VLOOKUP(A102,滿意度調查!$B$4:$D$570,3,FALSE),"") | U102: =TEXT(B102,"yyyy-mm") -> 2026-04 | V102: =IF(J102="已結案",0,(使用說明!$B$7-B102)*24) -> 1841.45
A103: TK-2026-0100 | B103: 46127.669 | C103: C0029 | D103: 線上客服 | E103: 配送問題 | F103: 物流狀態未更新 | G103: 一般 | H103: E013 | I103: =VLOOKUP(H103,人員與團隊!$A$4:$D$27,3,FALSE) -> 南區服務 | J103: 已結案 | K103: 46127.737 | L103: 46128.073 | M103: =IF(K103="","",(K103-B103)*1440) -> 98 | N103: =IF(L103="","",(L103-B103)*24) -> 9.6961172 | O103: =VLOOKUP(G103,SLA標準!$A$4:$C$7,2,FALSE) -> 240 | P103: =VLOOKUP(G103,SLA標準!$A$4:$C$7,3,FALSE) -> 24 | Q103: =IF(J103="已結案",IF(AND(M103<=O103,N103<=P103),"達標","逾期"),IF(OR(M103>O103,V103>P103),"逾期","進行中")) -> 達標 | R103: 是 | S103: =IF(T103="","否","是") -> 否 | T103: =IFERROR(VLOOKUP(A103,滿意度調查!$B$4:$D$570,3,FALSE),"") | U103: =TEXT(B103,"yyyy-mm") -> 2026-04 | V103: =IF(J103="已結案",0,(使用說明!$B$7-B103)*24) -> 0
A104: TK-2026-0101 | B104: 46127.738 | C104: C0267 | D104: Email | E104: 配送問題 | F104: 配送時間異常 | G104: 一般 | H104: E006 | I104: =VLOOKUP(H104,人員與團隊!$A$4:$D$27,3,FALSE) -> 北區服務 | J104: 已結案 | K104: 46127.884 | L104: 46128.511 | M104: =IF(K104="","",(K104-B104)*1440) -> 211 | N104: =IF(L104="","",(L104-B104)*24) -> 18.564245 | O104: =VLOOKUP(G104,SLA標準!$A$4:$C$7,2,FALSE) -> 240 | P104: =VLOOKUP(G104,SLA標準!$A$4:$C$7,3,FALSE) -> 24 | Q104: =IF(J104="已結案",IF(AND(M104<=O104,N104<=P104),"達標","逾期"),IF(OR(M104>O104,V104>P104),"逾期","進行中")) -> 達標 | R104: 否 | S104: =IF(T104="","否","是") -> 是 | T104: =IFERROR(VLOOKUP(A104,滿意度調查!$B$4:$D$570,3,FALSE),"") -> 5 | U104: =TEXT(B104,"yyyy-mm") -> 2026-04 | V104: =IF(J104="已結案",0,(使用說明!$B$7-B104)*24) -> 0
A105: TK-2026-0102 | B105: 46127.819 | C105: C0038 | D105: 線上客服 | E105: 帳務問題 | F105: 退款尚未入帳 | G105: 一般 | H105: E022 | I105: =VLOOKUP(H105,人員與團隊!$A$4:$D$27,3,FALSE) -> 線上服務 | J105: 已結案 | K105: 46127.851 | L105: 46129.321 | M105: =IF(K105="","",(K105-B105)*1440) -> 46 | N105: =IF(L105="","",(L105-B105)*24) -> 36.047589 | O105: =VLOOKUP(G105,SLA標準!$A$4:$C$7,2,FALSE) -> 240 | P105: =VLOOKUP(G105,SLA標準!$A$4:$C$7,3,FALSE) -> 24 | Q105: =IF(J105="已結案",IF(AND(M105<=O105,N105<=P105),"達標","逾期"),IF(OR(M105>O105,V105>P105),"逾期","進行中")) -> 逾期 | R105: 否 | S105: =IF(T105="","否","是") -> 是 | T105: =IFERROR(VLOOKUP(A105,滿意度調查!$B$4:$D$570,3,FALSE),"") -> 3 | U105: =TEXT(B105,"yyyy-mm") -> 2026-04 | V105: =IF(J105="已結案",0,(使用說明!$B$7-B105)*24) -> 0
A106: TK-2026-0103 | B106: 46127.837 | C106: C0122 | D106: 線上客服 | E106: 訂單問題 | F106: 訂單狀態未更新 | G106: 一般 | H106: E016 | I106: =VLOOKUP(H106,人員與團隊!$A$4:$D$27,3,FALSE) -> 南區服務 | J106: 已結案 | K106: 46127.873 | L106: 46128.53 | M106: =IF(K106="","",(K106-B106)*1440) -> 52 | N106: =IF(L106="","",(L106-B106)*24) -> 16.630118 | O106: =VLOOKUP(G106,SLA標準!$A$4:$C$7,2,FALSE) -> 240 | P106: =VLOOKUP(G106,SLA標準!$A$4:$C$7,3,FALSE) -> 24 | Q106: =IF(J106="已結案",IF(AND(M106<=O106,N106<=P106),"達標","逾期"),IF(OR(M106>O106,V106>P106),"逾期","進行中")) -> 達標 | R106: 否 | S106: =IF(T106="","否","是") -> 否 | T106: =IFERROR(VLOOKUP(A106,滿意度調查!$B$4:$D$570,3,FALSE),"") | U106: =TEXT(B106,"yyyy-mm") -> 2026-04 | V106: =IF(J106="已結案",0,(使用說明!$B$7-B106)*24) -> 0
A107: TK-2026-0104 | B107: 46128.394 | C107: C0170 | D107: 電話 | E107: 帳務問題 | F107: 付款失敗 | G107: 一般 | H107: E005 | I107: =VLOOKUP(H107,人員與團隊!$A$4:$D$27,3,FALSE) -> 北區服務 | J107: 已結案 | K107: 46128.553 | L107: 46129.529 | M107: =IF(K107="","",(K107-B107)*1440) -> 229 | N107: =IF(L107="","",(L107-B107)*24) -> 27.219576 | O107: =VLOOKUP(G107,SLA標準!$A$4:$C$7,2,FALSE) -> 240 | P107: =VLOOKUP(G107,SLA標準!$A$4:$C$7,3,FALSE) -> 24 | Q107: =IF(J107="已結案",IF(AND(M107<=O107,N107<=P107),"達標","逾期"),IF(OR(M107>O107,V107>P107),"逾期","進行中")) -> 逾期 | R107: 否 | S107: =IF(T107="","否","是") -> 否 | T107: =IFERROR(VLOOKUP(A107,滿意度調查!$B$4:$D$570,3,FALSE),"") | U107: =TEXT(B107,"yyyy-mm") -> 2026-04 | V107: =IF(J107="已結案",0,(使用說明!$B$7-B107)*24) -> 0
A108: TK-2026-0105 | B108: 46128.598 | C108: C0239 | D108: 線上客服 | E108: 退換貨 | F108: 退貨運費爭議 | G108: 低 | H108: E006 | I108: =VLOOKUP(H108,人員與團隊!$A$4:$D$27,3,FALSE) -> 北區服務 | J108: 已結案 | K108: 46128.749 | L108: 46130.143 | M108: =IF(K108="","",(K108-B108)*1440) -> 217 | N108: =IF(L108="","",(L108-B108)*24) -> 37.07553 | O108: =VLOOKUP(G108,SLA標準!$A$4:$C$7,2,FALSE) -> 480 | P108: =VLOOKUP(G108,SLA標準!$A$4:$C$7,3,FALSE) -> 48 | Q108: =IF(J108="已結案",IF(AND(M108<=O108,N108<=P108),"達標","逾期"),IF(OR(M108>O108,V108>P108),"逾期","進行中")) -> 達標 | R108: 否 | S108: =IF(T108="","否","是") -> 是 | T108: =IFERROR(VLOOKUP(A108,滿意度調查!$B$4:$D$570,3,FALSE),"") -> 5 | U108: =TEXT(B108,"yyyy-mm") -> 2026-04 | V108: =IF(J108="已結案",0,(使用說明!$B$7-B108)*24) -> 0
A109: TK-2026-0106 | B109: 46128.613 | C109: C0200 | D109: 電話 | E109: 訂單問題 | F109: 訂單內容錯誤 | G109: 低 | H109: E014 | I109: =VLOOKUP(H109,人員與團隊!$A$4:$D$27,3,FALSE) -> 南區服務 | J109: 已結案 | K109: 46128.758 | L109: 46129.39 | M109: =IF(K109="","",(K109-B109)*1440) -> 209 | N109: =IF(L109="","",(L109-B109)*24) -> 18.648531 | O109: =VLOOKUP(G109,SLA標準!$A$4:$C$7,2,FALSE) -> 480 | P109: =VLOOKUP(G109,SLA標準!$A$4:$C$7,3,FALSE) -> 48 | Q109: =IF(J109="已結案",IF(AND(M109<=O109,N109<=P109),"達標","逾期"),IF(OR(M109>O109,V109>P109),"逾期","進行中")) -> 達標 | R109: 否 | S109: =IF(T109="","否","是") -> 否 | T109: =IFERROR(VLOOKUP(A109,滿意度調查!$B$4:$D$570,3,FALSE),"") | U109: =TEXT(B109,"yyyy-mm") -> 2026-04 | V109: =IF(J109="已結案",0,(使用說明!$B$7-B109)*24) -> 0
A110: TK-2026-0107 | B110: 46128.616 | C110: C0100 | D110: 電話 | E110: 訂單問題 | F110: 訂單內容錯誤 | G110: 一般 | H110: E004 | I110: =VLOOKUP(H110,人員與團隊!$A$4:$D$27,3,FALSE) -> 北區服務 | J110: 已結案 | K110: 46128.694 | L110: 46128.987 | M110: =IF(K110="","",(K110-B110)*1440) -> 112 | N110: =IF(L110="","",(L110-B110)*24) -> 8.9122289 | O110: =VLOOKUP(G110,SLA標準!$A$4:$C$7,2,FALSE) -> 240 | P110: =VLOOKUP(G110,SLA標準!$A$4:$C$7,3,FALSE) -> 24 | Q110: =IF(J110="已結案",IF(AND(M110<=O110,N110<=P110),"達標","逾期"),IF(OR(M110>O110,V110>P110),"逾期","進行中")) -> 達標 | R110: 否 | S110: =IF(T110="","否","是") -> 否 | T110: =IFERROR(VLOOKUP(A110,滿意度調查!$B$4:$D$570,3,FALSE),"") | U110: =TEXT(B110,"yyyy-mm") -> 2026-04 | V110: =IF(J110="已結案",0,(使用說明!$B$7-B110)*24) -> 0
A111: TK-2026-0108 | B111: 46128.626 | C111: C0189 | D111: 線上客服 | E111: 配送問題 | F111: 商品尚未到貨 | G111: 低 | H111: E023 | I111: =VLOOKUP(H111,人員與團隊!$A$4:$D$27,3,FALSE) -> 線上服務 | J111: 已結案 | K111: 46128.824 | L111: 46129.367 | M111: =IF(K111="","",(K111-B111)*1440) -> 285 | N111: =IF(L111="","",(L111-B111)*24) -> 17.763739 | O111: =VLOOKUP(G111,SLA標準!$A$4:$C$7,2,FALSE) -> 480 | P111: =VLOOKUP(G111,SLA標準!$A$4:$C$7,3,FALSE) -> 48 | Q111: =IF(J111="已結案",IF(AND(M111<=O111,N111<=P111),"達標","逾期"),IF(OR(M111>O111,V111>P111),"逾期","進行中")) -> 達標 | R111: 是 | S111: =IF(T111="","否","是") -> 是 | T111: =IFERROR(VLOOKUP(A111,滿意度調查!$B$4:$D$570,3,FALSE),"") -> 4 | U111: =TEXT(B111,"yyyy-mm") -> 2026-04 | V111: =IF(J111="已結案",0,(使用說明!$B$7-B111)*24) -> 0
A112: TK-2026-0109 | B112: 46128.689 | C112: C0075 | D112: 電話 | E112: 系統異常 | F112: 系統反應緩慢 | G112: 高 | H112: E015 | I112: =VLOOKUP(H112,人員與團隊!$A$4:$D$27,3,FALSE) -> 南區服務 | J112: 已結案 | K112: 46128.707 | L112: 46129.159 | M112: =IF(K112="","",(K112-B112)*1440) -> 26 | N112: =IF(L112="","",(L112-B112)*24) -> 11.281362 | O112: =VLOOKUP(G112,SLA標準!$A$4:$C$7,2,FALSE) -> 60 | P112: =VLOOKUP(G112,SLA標準!$A$4:$C$7,3,FALSE) -> 8 | Q112: =IF(J112="已結案",IF(AND(M112<=O112,N112<=P112),"達標","逾期"),IF(OR(M112>O112,V112>P112),"逾期","進行中")) -> 逾期 | R112: 否 | S112: =IF(T112="","否","是") -> 是 | T112: =IFERROR(VLOOKUP(A112,滿意度調查!$B$4:$D$570,3,FALSE),"") -> 3 | U112: =TEXT(B112,"yyyy-mm") -> 2026-04 | V112: =IF(J112="已結案",0,(使用說明!$B$7-B112)*24) -> 0
A113: TK-2026-0110 | B113: 46128.738 | C113: C0271 | D113: 電話 | E113: 退換貨 | F113: 商品瑕疵 | G113: 高 | H113: E015 | I113: =VLOOKUP(H113,人員與團隊!$A$4:$D$27,3,FALSE) -> 南區服務 | J113: 已結案 | K113: 46128.751 | L113: 46129.574 | M113: =IF(K113="","",(K113-B113)*1440) -> 19 | N113: =IF(L113="","",(L113-B113)*24) -> 20.063823 | O113: =VLOOKUP(G113,SLA標準!$A$4:$C$7,2,FALSE) -> 60 | P113: =VLOOKUP(G113,SLA標準!$A$4:$C$7,3,FALSE) -> 8 | Q113: =IF(J113="已結案",IF(AND(M113<=O113,N113<=P113),"達標","逾期"),IF(OR(M113>O113,V113>P113),"逾期","進行中")) -> 逾期 | R113: 否 | S113: =IF(T113="","否","是") -> 是 | T113: =IFERROR(VLOOKUP(A113,滿意度調查!$B$4:$D$570,3,FALSE),"") -> 3 | U113: =TEXT(B113,"yyyy-mm") -> 2026-04 | V113: =IF(J113="已結案",0,(使用說明!$B$7-B113)*24) -> 0
A114: TK-2026-0111 | B114: 46128.781 | C114: C0100 | D114: 線上客服 | E114: 退換貨 | F114: 申請退貨 | G114: 高 | H114: E004 | I114: =VLOOKUP(H114,人員與團隊!$A$4:$D$27,3,FALSE) -> 北區服務 | J114: 已結案 | K114: 46128.803 | L114: 46129.234 | M114: =IF(K114="","",(K114-B114)*1440) -> 31 | N114: =IF(L114="","",(L114-B114)*24) -> 10.866352 | O114: =VLOOKUP(G114,SLA標準!$A$4:$C$7,2,FALSE) -> 60 | P114: =VLOOKUP(G114,SLA標準!$A$4:$C$7,3,FALSE) -> 8 | Q114: =IF(J114="已結案",IF(AND(M114<=O114,N114<=P114),"達標","逾期"),IF(OR(M114>O114,V114>P114),"逾期","進行中")) -> 逾期 | R114: 否 | S114: =IF(T114="","否","是") -> 是 | T114: =IFERROR(VLOOKUP(A114,滿意度調查!$B$4:$D$570,3,FALSE),"") -> 4 | U114: =TEXT(B114,"yyyy-mm") -> 2026-04 | V114: =IF(J114="已結案",0,(使用說明!$B$7-B114)*24) -> 0
... A118: TK-2026-0115 | B118: 46129.562 | C118: C0057 | D118: Email | E118: 登入問題 | F118: 帳號被鎖定 | G118: 低 | H118: E012 | I118: =VLOOKUP(H118,人員與團隊!$A$4:$D$27,3,FALSE) -> 南區服務 | J118: 已結案 | K118: 46129.922 | L118: 46129.853 | M118: =IF(K118="","",(K118-B118)*1440) -> 518 | N118: =IF(L118="","",(L118-B118)*24) -> 6.9679856 | O118: =VLOOKUP(G118,SLA標準!$A$4:$C$7,2,FALSE) -> 480 | P118: =VLOOKUP(G118,SLA標準!$A$4:$C$7,3,FALSE) -> 48 | Q118: =IF(J118="已結案",IF(AND(M118<=O118,N118<=P118),"達標","逾期"),IF(OR(M118>O118,V118>P118),"逾期","進行中")) -> 逾期 | R118: 否 | S118: =IF(T118="","否","是") -> 否 | T118: =IFERROR(VLOOKUP(A118,滿意度調查!$B$4:$D$570,3,FALSE),"") | U118: =TEXT(B118,"yyyy-mm") -> 2026-04 | V118: =IF(J118="已結案",0,(使用說明!$B$7-B118)*24) -> 0
A119: TK-2026-0116 | B119: 46129.572 | C119: C0223 | D119: 社群 | E119: 訂單問題 | F119: 無法修改訂單 | G119: 一般 | H119: E002 | I119: =VLOOKUP(H119,人員與團隊!$A$4:$D$27,3,FALSE) -> 北區服務 | J119: 處理中 | K119: 46129.806 | M119: =IF(K119="","",(K119-B119)*1440) -> 338 | N119: =IF(L119="","",(L119-B119)*24) | O119: =VLOOKUP(G119,SLA標準!$A$4:$C$7,2,FALSE) -> 240 | P119: =VLOOKUP(G119,SLA標準!$A$4:$C$7,3,FALSE) -> 24 | Q119: =IF(J119="已結案",IF(AND(M119<=O119,N119<=P119),"達標","逾期"),IF(OR(M119>O119,V119>P119),"逾期","進行中")) -> 逾期 | R119: 否 | S119: =IF(T119="","否","是") -> 否 | T119: =IFERROR(VLOOKUP(A119,滿意度調查!$B$4:$D$570,3,FALSE),"") | U119: =TEXT(B119,"yyyy-mm") -> 2026-04 | V119: =IF(J119="已結案",0,(使用說明!$B$7-B119)*24) -> 1795.2833
A120: TK-2026-0117 | B120: 46129.625 | C120: C0058 | D120: 線上客服 | E120: 配送問題 | F120: 配送地址錯誤 | G120: 一般 | H120: E019 | I120: =VLOOKUP(H120,人員與團隊!$A$4:$D$27,3,FALSE) -> 線上服務 | J120: 已結案 | K120: 46129.67 | L120: 46130.217 | M120: =IF(K120="","",(K120-B120)*1440) -> 65 | N120: =IF(L120="","",(L120-B120)*24) -> 14.218491 | O120: =VLOOKUP(G120,SLA標準!$A$4:$C$7,2,FALSE) -> 240 | P120: =VLOOKUP(G120,SLA標準!$A$4:$C$7,3,FALSE) -> 24 | Q120: =IF(J120="已結案",IF(AND(M120<=O120,N120<=P120),"達標","逾期"),IF(OR(M120>O120,V120>P120),"逾期","進行中")) -> 達標 | R120: 是 | S120: =IF(T120="","否","是") -> 是 | T120: =IFERROR(VLOOKUP(A120,滿意度調查!$B$4:$D$570,3,FALSE),"") -> 4 | U120: =TEXT(B120,"yyyy-mm") -> 2026-04 | V120: =IF(J120="已結案",0,(使用說明!$B$7-B120)*24) -> 0
A121: TK-2026-0118 | B121: 46129.757 | C121: C0297 | D121: 線上客服 | E121: 退換貨 | F121: 退貨運費爭議 | G121: 一般 | H121: E017 | I121: =VLOOKUP(H121,人員與團隊!$A$4:$D$27,3,FALSE) -> 線上服務 | J121: 已結案 | K121: 46129.785 | L121: 46130.367 | M121: =IF(K121="","",(K121-B121)*1440) -> 41 | N121: =IF(L121="","",(L121-B121)*24) -> 14.645369 | O121: =VLOOKUP(G121,SLA標準!$A$4:$C$7,2,FALSE) -> 240 | P121: =VLOOKUP(G121,SLA標準!$A$4:$C$7,3,FALSE) -> 24 | Q121: =IF(J121="已結案",IF(AND(M121<=O121,N121<=P121),"達標","逾期"),IF(OR(M121>O121,V121>P121),"逾期","進行中")) -> 達標 | R121: 否 | S121: =IF(T121="","否","是") -> 否 | T121: =IFERROR(VLOOKUP(A121,滿意度調查!$B$4:$D$570,3,FALSE),"") | U121: =TEXT(B121,"yyyy-mm") -> 2026-04 | V121: =IF(J121="已結案",0,(使用說明!$B$7-B121)*24) -> 0
A122: TK-2026-0119 | B122: 46129.829 | C122: C0254 | D122: 電話 | E122: 系統異常 | F122: 系統反應緩慢 | G122: 一般 | H122: E005 | I122: =VLOOKUP(H122,人員與團隊!$A$4:$D$27,3,FALSE) -> 北區服務 | J122: 已結案 | K122: 46129.965 | L122: 46130.665 | M122: =IF(K122="","",(K122-B122)*1440) -> 196 | N122: =IF(L122="","",(L122-B122)*24) -> 20.057786 | O122: =VLOOKUP(G122,SLA標準!$A$4:$C$7,2,FALSE) -> 240 | P122: =VLOOKUP(G122,SLA標準!$A$4:$C$7,3,FALSE) -> 24 | Q122: =IF(J122="已結案",IF(AND(M122<=O122,N122<=P122),"達標","逾期"),IF(OR(M122>O122,V122>P122),"逾期","進行中")) -> 達標 | R122: 否 | S122: =IF(T122="","否","是") -> 否 | T122: =IFERROR(VLOOKUP(A122,滿意度調查!$B$4:$D$570,3,FALSE),"") | U122: =TEXT(B122,"yyyy-mm") -> 2026-04 | V122: =IF(J122="已結案",0,(使用說明!$B$7-B122)*24) -> 0
A123: TK-2026-0120 | B123: 46130.347 | C123: C0109 | D123: 線上客服 | E123: 帳務問題 | F123: 重複扣款 | G123: 低 | H123: E023 | I123: =VLOOKUP(H123,人員與團隊!$A$4:$D$27,3,FALSE) -> 線上服務 | J123: 已結案 | K123: 46130.419 | L123: 46131.073 | M123: =IF(K123="","",(K123-B123)*1440) -> 103 | N123: =IF(L123="","",(L123-B123)*24) -> 17.430184 | O123: =VLOOKUP(G123,SLA標準!$A$4:$C$7,2,FALSE) -> 480 | P123: =VLOOKUP(G123,SLA標準!$A$4:$C$7,3,FALSE) -> 48 | Q123: =IF(J123="已結案",IF(AND(M123<=O123,N123<=P123),"達標","逾期"),IF(OR(M123>O123,V123>P123),"逾期","進行中")) -> 達標 | R123: 是 | S123: =IF(T123="","否","是") -> 是 | T123: =IFERROR(VLOOKUP(A123,滿意度調查!$B$4:$D$570,3,FALSE),"") -> 4 | U123: =TEXT(B123,"yyyy-mm") -> 2026-04 | V123: =IF(J123="已結案",0,(使用說明!$B$7-B123)*24) -> 0
A124: TK-2026-0121 | B124: 46130.412 | C124: C0122 | D124: 電話 | E124: 退換貨 | F124: 退貨運費爭議 | G124: 一般 | H124: E003 | I124: =VLOOKUP(H124,人員與團隊!$A$4:$D$27,3,FALSE) -> 北區服務 | J124: 已結案 | K124: 46130.49 | L124: 46131.247 | M124: =IF(K124="","",(K124-B124)*1440) -> 113 | N124: =IF(L124="","",(L124-B124)*24) -> 20.054782 | O124: =VLOOKUP(G124,SLA標準!$A$4:$C$7,2,FALSE) -> 240 | P124: =VLOOKUP(G124,SLA標準!$A$4:$C$7,3,FALSE) -> 24 | Q124: =IF(J124="已結案",IF(AND(M124<=O124,N124<=P124),"達標","逾期"),IF(OR(M124>O124,V124>P124),"逾期","進行中")) -> 達標 | R124: 否 | S124: =IF(T124="","否","是") -> 否 | T124: =IFERROR(VLOOKUP(A124,滿意度調查!$B$4:$D$570,3,FALSE),"") | U124: =TEXT(B124,"yyyy-mm") -> 2026-04 | V124: =IF(J124="已結案",0,(使用說明!$B$7-B124)*24) -> 0
A125: TK-2026-0122 | B125: 46130.623 | C125: C0182 | D125: 線上客服 | E125: 退換貨 | F125: 退貨運費爭議 | G125: 一般 | H125: E007 | I125: =VLOOKUP(H125,人員與團隊!$A$4:$D$27,3,FALSE) -> 北區服務 | J125: 已結案 | K125: 46130.688 | L125: 46131.317 | M125: =IF(K125="","",(K125-B125)*1440) -> 94 | N125: =IF(L125="","",(L125-B125)*24) -> 16.652636 | O125: =VLOOKUP(G125,SLA標準!$A$4:$C$7,2,FALSE) -> 240 | P125: =VLOOKUP(G125,SLA標準!$A$4:$C$7,3,FALSE) -> 24 | Q125: =IF(J125="已結案",IF(AND(M125<=O125,N125<=P125),"達標","逾期"),IF(OR(M125>O125,V125>P125),"逾期","進行中")) -> 達標 | R125: 否 | S125: =IF(T125="","否","是") -> 是 | T125: =IFERROR(VLOOKUP(A125,滿意度調查!$B$4:$D$570,3,FALSE),"") -> 4 | U125: =TEXT(B125,"yyyy-mm") -> 2026-04 | V125: =IF(J125="已結案",0,(使用說明!$B$7-B125)*24) -> 0
A126: TK-2026-0123 | B126: 46130.649 | C126: C0195 | D126: 電話 | E126: 配送問題 | F126: 商品尚未到貨 | G126: 一般 | H126: E014 | I126: =VLOOKUP(H126,人員與團隊!$A$4:$D$27,3,FALSE) -> 南區服務 | J126: 已結案 | K126: 46130.788 | L126: 46131.053 | M126: =IF(K126="","",(K126-B126)*1440) -> 200 | N126: =IF(L126="","",(L126-B126)*24) -> 9.6867803 | O126: =VLOOKUP(G126,SLA標準!$A$4:$C$7,2,FALSE) -> 240 | P126: =VLOOKUP(G126,SLA標準!$A$4:$C$7,3,FALSE) -> 24 | Q126: =IF(J126="已結案",IF(AND(M126<=O126,N126<=P126),"達標","逾期"),IF(OR(M126>O126,V126>P126),"逾期","進行中")) -> 達標 | R126: 否 | S126: =IF(T126="","否","是") -> 否 | T126: =IFERROR(VLOOKUP(A126,滿意度調查!$B$4:$D$570,3,FALSE),"") | U126: =TEXT(B126,"yyyy-mm") -> 2026-04 | V126: =IF(J126="已結案",0,(使用說明!$B$7-B126)*24) -> 0
A127: TK-2026-0124 | B127: 46130.683 | C127: C0236 | D127: 線上客服 | E127: 配送問題 | F127: 物流狀態未更新 | G127: 緊急 | H127: E017 | I127: =VLOOKUP(H127,人員與團隊!$A$4:$D$27,3,FALSE) -> 線上服務 | J127: 已結案 | K127: 46130.689 | L127: 46131.277 | M127: =IF(K127="","",(K127-B127)*1440) -> 8 | N127: =IF(L127="","",(L127-B127)*24) -> 14.250244 | O127: =VLOOKUP(G127,SLA標準!$A$4:$C$7,2,FALSE) -> 30 | P127: =VLOOKUP(G127,SLA標準!$A$4:$C$7,3,FALSE) -> 4 | Q127: =IF(J127="已結案",IF(AND(M127<=O127,N127<=P127),"達標","逾期"),IF(OR(M127>O127,V127>P127),"逾期","進行中")) -> 逾期 | R127: 否 | S127: =IF(T127="","否","是") -> 是 | T127: =IFERROR(VLOOKUP(A127,滿意度調查!$B$4:$D$570,3,FALSE),"") -> 3 | U127: =TEXT(B127,"yyyy-mm") -> 2026-04 | V127: =IF(J127="已結案",0,(使用說明!$B$7-B127)*24) -> 0
A128: TK-2026-0125 | B128: 46130.7 | C128: C0319 | D128: 電話 | E128: 帳務問題 | F128: 退款尚未入帳 | G128: 一般 | H128: E003 | I128: =VLOOKUP(H128,人員與團隊!$A$4:$D$27,3,FALSE) -> 北區服務 | J128: 已結案 | K128: 46130.786 | L128: 46132.527 | M128: =IF(K128="","",(K128-B128)*1440) -> 124 | N128: =IF(L128="","",(L128-B128)*24) -> 43.853658 | O128: =VLOOKUP(G128,SLA標準!$A$4:$C$7,2,FALSE) -> 240 | P128: =VLOOKUP(G128,SLA標準!$A$4:$C$7,3,FALSE) -> 24 | Q128: =IF(J128="已結案",IF(AND(M128<=O128,N128<=P128),"達標","逾期"),IF(OR(M128>O128,V128>P128),"逾期","進行中")) -> 逾期 | R128: 否 | S128: =IF(T128="","否","是") -> 是 | T128: =IFERROR(VLOOKUP(A128,滿意度調查!$B$4:$D$570,3,FALSE),"") -> 3 | U128: =TEXT(B128,"yyyy-mm") -> 2026-04 | V128: =IF(J128="已結案",0,(使用說明!$B$7-B128)*24) -> 0
A129: TK-2026-0126 | B129: 46130.725 | C129: C0006 | D129: 社群 | E129: 登入問題 | F129: 驗證碼未收到 | G129: 一般 | H129: E014 | I129: =VLOOKUP(H129,人員與團隊!$A$4:$D$27,3,FALSE) -> 南區服務 | J129: 已結案 | K129: 46130.931 | L129: 46131.03 | M129: =IF(K129="","",(K129-B129)*1440) -> 297 | N129: =IF(L129="","",(L129-B129)*24) -> 7.3198769 | O129: =VLOOKUP(G129,SLA標準!$A$4:$C$7,2,FALSE) -> 240 | P129: =VLOOKUP(G129,SLA標準!$A$4:$C$7,3,FALSE) -> 24 | Q129: =IF(J129="已結案",IF(AND(M129<=O129,N129<=P129),"達標","逾期"),IF(OR(M129>O129,V129>P129),"逾期","進行中")) -> 逾期 | R129: 否 | S129: =IF(T129="","否","是") -> 是 | T129: =IFERROR(VLOOKUP(A129,滿意度調查!$B$4:$D$570,3,FALSE),"") -> 4 | U129: =TEXT(B129,"yyyy-mm") -> 2026-04 | V129: =IF(J129="已結案",0,(使用說明!$B$7-B129)*24) -> 0
A130: TK-2026-0127 | B130: 46130.734 | C130: C0164 | D130: Email | E130: 登入問題 | F130: 帳號被鎖定 | G130: 一般 | H130: E006 | I130: =VLOOKUP(H130,人員與團隊!$A$4:$D$27,3,FALSE) -> 北區服務 | J130: 已結案 | K130: 46130.855 | L130: 46130.972 | M130: =IF(K130="","",(K130-B130)*1440) -> 174 | N130: =IF(L130="","",(L130-B130)*24) -> 5.7154994 | O130: =VLOOKUP(G130,SLA標準!$A$4:$C$7,2,FALSE) -> 240 | P130: =VLOOKUP(G130,SLA標準!$A$4:$C$7,3,FALSE) -> 24 | Q130: =IF(J130="已結案",IF(AND(M130<=O130,N130<=P130),"達標","逾期"),IF(OR(M130>O130,V130>P130),"逾期","進行中")) -> 達標 | R130: 是 | S130: =IF(T130="","否","是") -> 是 | T130: =IFERROR(VLOOKUP(A130,滿意度調查!$B$4:$D$570,3,FALSE),"") -> 4 | U130: =TEXT(B130,"yyyy-mm") -> 2026-04 | V130: =IF(J130="已結案",0,(使用說明!$B$7-B130)*24) -> 0
A131: TK-2026-0128 | B131: 46130.753 | C131: C0140 | D131: Email | E131: 配送問題 | F131: 配送時間異常 | G131: 一般 | H131: E005 | I131: =VLOOKUP(H131,人員與團隊!$A$4:$D$27,3,FALSE) -> 北區服務 | J131: 已結案 | K131: 46130.885 | L131: 46131.423 | M131: =IF(K131="","",(K131-B131)*1440) -> 189 | N131: =IF(L131="","",(L131-B131)*24) -> 16.06641 | O131: =VLOOKUP(G131,SLA標準!$A$4:$C$7,2,FALSE) -> 240 | P131: =VLOOKUP(G131,SLA標準!$A$4:$C$7,3,FALSE) -> 24 | Q131: =IF(J131="已結案",IF(AND(M131<=O131,N131<=P131),"達標","逾期"),IF(OR(M131>O131,V131>P131),"逾期","進行中")) -> 達標 | R131: 否 | S131: =IF(T131="","否","是") -> 是 | T131: =IFERROR(VLOOKUP(A131,滿意度調查!$B$4:$D$570,3,FALSE),"") -> 4 | U131: =TEXT(B131,"yyyy-mm") -> 2026-04 | V131: =IF(J131="已結案",0,(使用說明!$B$7-B131)*24) -> 0
...

Sheet 人員與團隊
A1: 客服人員與團隊 | B1: 客服人員與團隊 | C1: 客服人員與團隊 | D1: 客服人員與團隊 | E1: 客服人員與團隊 | F1: 客服人員與團隊 | G1: 客服人員與團隊 | H1: 客服人員與團隊
A2: 人員、團隊與建議工作量主檔；所有姓名均為模擬資料。 | B2: 人員、團隊與建議工作量主檔；所有姓名均為模擬資料。 | C2: 人員、團隊與建議工作量主檔；所有姓名均為模擬資料。 | D2: 人員、團隊與建議工作量主檔；所有姓名均為模擬資料。 | E2: 人員、團隊與建議工作量主檔；所有姓名均為模擬資料。 | F2: 人員、團隊與建議工作量主檔；所有姓名均為模擬資料。 | G2: 人員、團隊與建議工作量主檔；所有姓名均為模擬資料。 | H2: 人員、團隊與建議工作量主檔；所有姓名均為模擬資料。
A3: 人員編號 | B3: 人員姓名 | C3: 所屬團隊 | D3: 服務區域 | E3: 擅長問題類型 | F3: 每日建議案件量 | G3: 人員狀態 | H3: 備註
A4: E001 | B4: 陳怡君 | C4: 北區服務 | D4: 北區 | E4: 帳務問題 | F4: 14 | G4: 在職
A5: E002 | B5: 林柏宇 | C5: 北區服務 | D5: 北區 | E5: 登入問題 | F5: 14 | G5: 請假 | H5: 2026 年 6 月排班暫停
A6: E003 | B6: 張雅雯 | C6: 北區服務 | D6: 北區 | E6: 訂單問題 | F6: 14 | G6: 在職
A7: E004 | B7: 王俊豪 | C7: 北區服務 | D7: 北區 | E7: 配送問題 | F7: 14 | G7: 在職
A8: E005 | B8: 李欣怡 | C8: 北區服務 | D8: 北區 | E8: 退換貨 | F8: 14 | G8: 在職
A9: E006 | B9: 黃冠廷 | C9: 北區服務 | D9: 北區 | E9: 系統異常 | F9: 14 | G9: 請假 | H9: 2026 年 6 月排班暫停
A10: E007 | B10: 吳佩珊 | C10: 北區服務 | D10: 北區 | E10: 帳務問題 | F10: 14 | G10: 在職
A11: E008 | B11: 劉家豪 | C11: 北區服務 | D11: 北區 | E11: 登入問題 | F11: 14 | G11: 在職
A12: E009 | B12: 蔡佳穎 | C12: 南區服務 | D12: 南區 | E12: 訂單問題 | F12: 14 | G12: 在職
A13: E010 | B13: 楊承恩 | C13: 南區服務 | D13: 南區 | E13: 配送問題 | F13: 14 | G13: 在職
A14: E011 | B14: 許育誠 | C14: 南區服務 | D14: 南區 | E14: 退換貨 | F14: 14 | G14: 在職
A15: E012 | B15: 鄭心妤 | C15: 南區服務 | D15: 南區 | E15: 系統異常 | F15: 14 | G15: 在職
A16: E013 | B16: 謝孟軒 | C16: 南區服務 | D16: 南區 | E16: 帳務問題 | F16: 14 | G16: 在職
A17: E014 | B17: 洪婉婷 | C17: 南區服務 | D17: 南區 | E17: 登入問題 | F17: 14 | G17: 在職
A18: E015 | B18: 郭彥廷 | C18: 南區服務 | D18: 南區 | E18: 訂單問題 | F18: 14 | G18: 在職
A19: E016 | B19: 何佳蓉 | C19: 南區服務 | D19: 南區 | E19: 配送問題 | F19: 14 | G19: 在職
A20: E017 | B20: 羅子晴 | C20: 線上服務 | D20: 全區 | E20: 退換貨 | F20: 18 | G20: 在職
A21: E018 | B21: 宋宇翔 | C21: 線上服務 | D21: 全區 | E21: 系統異常 | F21: 18 | G21: 在職
... A27: E024 | B27: 范家銘 | C27: 線上服務 | D27: 全區 | E27: 系統異常 | F27: 18 | G27: 在職

Sheet SLA標準
A1: SLA 服務標準 | B1: SLA 服務標準 | C1: SLA 服務標準 | D1: SLA 服務標準
A2: 不同優先程度的首次回覆與結案時限，供客服工單公式引用。 | B2: 不同優先程度的首次回覆與結案時限，供客服工單公式引用。 | C2: 不同優先程度的首次回覆與結案時限，供客服工單公式引用。 | D2: 不同優先程度的首次回覆與結案時限，供客服工單公式引用。
A3: 優先程度 | B3: 首次回覆上限（分鐘） | C3: 結案上限（小時） | D3: 說明
A4: 緊急 | B4: 30 | C4: 4 | D4: 影響多數使用者或核心功能
A5: 高 | B5: 60 | C5: 8 | D5: 重要功能受影響，但仍有替代方式
A6: 一般 | B6: 240 | C6: 24 | D6: 一般操作、訂單或服務問題
A7: 低 | B7: 480 | C7: 48 | D7: 諮詢、建議或不影響主要使用的問題

Sheet 滿意度調查
A1: 客服滿意度調查 | B1: 客服滿意度調查 | C1: 客服滿意度調查 | D1: 客服滿意度調查 | E1: 客服滿意度調查 | F1: 客服滿意度調查 | G1: 客服滿意度調查 | H1: 客服滿意度調查 | I1: 客服滿意度調查
A2: 結案後取得的模擬評分與回饋，可依工單編號連接客服工單。 | B2: 結案後取得的模擬評分與回饋，可依工單編號連接客服工單。 | C2: 結案後取得的模擬評分與回饋，可依工單編號連接客服工單。 | D2: 結案後取得的模擬評分與回饋，可依工單編號連接客服工單。 | E2: 結案後取得的模擬評分與回饋，可依工單編號連接客服工單。 | F2: 結案後取得的模擬評分與回饋，可依工單編號連接客服工單。 | G2: 結案後取得的模擬評分與回饋，可依工單編號連接客服工單。 | H2: 結案後取得的模擬評分與回饋，可依工單編號連接客服工單。 | I2: 結案後取得的模擬評分與回饋，可依工單編號連接客服工單。
A3: 調查編號 | B3: 工單編號 | C3: 評分日期 | D3: 整體滿意度 | E3: 回覆速度 | F3: 問題解決 | G3: 服務態度 | H3: 願意推薦 | I3: 客戶意見
A4: SV-2026-0001 | B4: TK-2026-0004 | C4: 46115.949 | D4: 4 | E4: 3 | F4: 5 | G4: 5 | H4: 是 | I4: 服務人員說明很完整
A5: SV-2026-0002 | B5: TK-2026-0005 | C5: 46115.12 | D5: 5 | E5: 5 | F5: 5 | G5: 5 | H5: 是 | I5: 回覆清楚，問題已順利處理
A6: SV-2026-0003 | B6: TK-2026-0007 | C6: 46117.775 | D6: 5 | E6: 5 | F6: 5 | G6: 5 | H6: 是 | I6: 服務人員說明很完整
A7: SV-2026-0004 | B7: TK-2026-0008 | C7: 46116.067 | D7: 3 | E7: 2 | F7: 2 | G7: 4 | H7: 否 | I7: 問題已處理，但等待時間稍長
A8: SV-2026-0005 | B8: TK-2026-0011 | C8: 46116.733 | D8: 3 | E8: 2 | F8: 4 | G8: 4 | H8: 否 | I8: 整體尚可
A9: SV-2026-0006 | B9: TK-2026-0012 | C9: 46117.32 | D9: 4 | E9: 5 | F9: 5 | G9: 5 | H9: 是 | I9: 處理速度符合預期
A10: SV-2026-0007 | B10: TK-2026-0014 | C10: 46117.338 | D10: 3 | E10: 4 | F10: 2 | G10: 4 | H10: 否 | I10: 希望能減少轉接次數
A11: SV-2026-0008 | B11: TK-2026-0015 | C11: 46118.798 | D11: 5 | E11: 5 | F11: 5 | G11: 5 | H11: 是 | I11: 服務人員說明很完整
A12: SV-2026-0009 | B12: TK-2026-0017 | C12: 46118.179 | D12: 5 | E12: 4 | F12: 5 | G12: 5 | H12: 是 | I12: 服務人員說明很完整
A13: SV-2026-0010 | B13: TK-2026-0018 | C13: 46120.605 | D13: 3 | E13: 2 | F13: 2 | G13: 4 | H13: 否 | I13: 希望能減少轉接次數
A14: SV-2026-0011 | B14: TK-2026-0019 | C14: 46118.81 | D14: 3 | E14: 4 | F14: 2 | G14: 3 | H14: 否 | I14: 整體尚可
A15: SV-2026-0012 | B15: TK-2026-0021 | C15: 46119.366 | D15: 4 | E15: 3 | F15: 3 | G15: 5 | H15: 是 | I15: 服務人員說明很完整
... A570: SV-2026-0567 | B570: TK-2026-0871 | C570: 46203.434 | D570: 5 | E570: 4 | F570: 4 | G570: 5 | H570: 是 | I570: 處理速度符合預期
